/*
SQLyog Ultimate v12.09 (64 bit)
MySQL - 8.0.29 : Database - boot_shiro_vue_stu
*********************************************************************
*/

/*!40101 SET NAMES utf8 */;

/*!40101 SET SQL_MODE=''*/;

/*!40014 SET @OLD_UNIQUE_CHECKS=@@UNIQUE_CHECKS, UNIQUE_CHECKS=0 */;
/*!40014 SET @OLD_FOREIGN_KEY_CHECKS=@@FOREIGN_KEY_CHECKS, FOREIGN_KEY_CHECKS=0 */;
/*!40101 SET @OLD_SQL_MODE=@@SQL_MODE, SQL_MODE='NO_AUTO_VALUE_ON_ZERO' */;
/*!40111 SET @OLD_SQL_NOTES=@@SQL_NOTES, SQL_NOTES=0 */;
CREATE DATABASE /*!32312 IF NOT EXISTS*/`boot_shiro_vue_stu` /*!40100 DEFAULT CHARACTER SET utf8mb3 COLLATE utf8_bin */ /*!80016 DEFAULT ENCRYPTION='N' */;

USE `boot_shiro_vue_stu`;

/*Table structure for table `t_clazz` */

DROP TABLE IF EXISTS `t_clazz`;

CREATE TABLE `t_clazz` (
  `id` varchar(32) CHARACTER SET utf8mb4 COLLATE utf8mb4_0900_ai_ci NOT NULL COMMENT '主键id',
  `name` varchar(50) NOT NULL COMMENT '班级名称',
  `major_id` varchar(32) NOT NULL COMMENT '专业id',
  `institute_id` varchar(32) NOT NULL COMMENT '学院id',
  PRIMARY KEY (`id`)
) ENGINE=InnoDB DEFAULT CHARSET=utf8mb4 COLLATE=utf8mb4_0900_ai_ci;

/*Data for the table `t_clazz` */

insert  into `t_clazz`(`id`,`name`,`major_id`,`institute_id`) values ('363593eaf42c49809dbd70e86edd157d','软件工程2班','0f413024eb5c460fb129bf06eb4ee6c9','271c18020e6a11ea85a85c93a27933da'),('96332ae13fd64c1abf5f6f778c873102','计算机1班','940c25ce0e7111ea85a85c93a27933da','271c18020e6a11ea85a85c93a27933da'),('c3eb7c50fbe0419c8030ea090ce0858b','计算机2班','940c25ce0e7111ea85a85c93a27933da','271c18020e6a11ea85a85c93a27933da'),('edf7e10401504dd496a529d8b5522c1f','软件工程1班','0f413024eb5c460fb129bf06eb4ee6c9','271c18020e6a11ea85a85c93a27933da');

/*Table structure for table `t_course` */

DROP TABLE IF EXISTS `t_course`;

CREATE TABLE `t_course` (
  `id` varchar(32) NOT NULL COMMENT '主键id',
  `name` varchar(50) NOT NULL COMMENT '课程名称',
  `course_type` int NOT NULL COMMENT '课程类型',
  `credit` double(10,1) NOT NULL COMMENT '学分',
  `sign_stime` date DEFAULT NULL COMMENT '选课开始时间',
  `sign_etime` date DEFAULT NULL COMMENT '选课结束时间',
  `exam_stime` date DEFAULT NULL COMMENT '考试开始时间',
  `exam_etime` date DEFAULT NULL COMMENT '考试结束时间',
  PRIMARY KEY (`id`)
) ENGINE=InnoDB DEFAULT CHARSET=utf8mb4 COLLATE=utf8mb4_0900_ai_ci;

/*Data for the table `t_course` */

insert  into `t_course`(`id`,`name`,`course_type`,`credit`,`sign_stime`,`sign_etime`,`exam_stime`,`exam_etime`) values ('3ec1ce34d6f542c1ac13fcf0b9224690','大学物理',4,2.0,'2022-04-01','2022-04-09','2022-06-11','2022-06-29'),('6b80e868c6a1488c849a48f67043ab7e','计算智能',1,2.0,'2022-05-20','2022-06-16','2022-06-20','2022-06-21'),('86c23626e20e4506947502052d8487a2','高数',3,2.0,'2022-04-01','2022-04-09','2022-06-11','2022-06-29'),('a3827e5a0bcb4b29a1a531baddd395a8','大学英语',1,2.0,'2022-04-01','2022-04-09','2022-06-11','2022-06-29'),('a705b137ed6a4e0a96e517ce311120d9','操作系统',1,4.0,'2022-04-01','2022-04-09','2022-06-11','2022-06-29'),('cb91ba59beca4a7cab1ac89b1ed50488','大学语文',2,1.0,'2022-04-01','2022-04-09','2022-06-11','2022-06-29'),('ede5d2ddee60431e929ac05c5770e972','存储',1,1.0,'2022-04-01','2022-04-09','2022-06-11','2022-06-29'),('f6ea624a4fad46c0b0dcf17839293387','aa',1,1.0,'2022-04-01','2022-04-09','2022-06-11','2022-06-29');

/*Table structure for table `t_course_teacher` */

DROP TABLE IF EXISTS `t_course_teacher`;

CREATE TABLE `t_course_teacher` (
  `id` varchar(32) NOT NULL COMMENT '主键id',
  `course_id` varchar(32) NOT NULL COMMENT '课程id',
  `teacher_id` varchar(32) NOT NULL COMMENT '老师id',
  PRIMARY KEY (`id`)
) ENGINE=InnoDB DEFAULT CHARSET=utf8mb4 COLLATE=utf8mb4_0900_ai_ci;

/*Data for the table `t_course_teacher` */

insert  into `t_course_teacher`(`id`,`course_id`,`teacher_id`) values ('15220f5905ad4c738834eab79ef13a5b','f6ea624a4fad46c0b0dcf17839293387','4f8f02dff98044ffb7f7dfbc8c57c596'),('3998628e78704ae985412b48dd55309c','86c23626e20e4506947502052d8487a2','dbca8e5caec24c6ca4b3dccd053f9102'),('5ebd783820d541ee91f3688c35d1c74d','cb91ba59beca4a7cab1ac89b1ed50488','fe8147e10e454b259705d10d7514f2ac'),('7bd60f16b43d4f1485b3be5189e0ddb7','3ec1ce34d6f542c1ac13fcf0b9224690','4f8f02dff98044ffb7f7dfbc8c57c596'),('8e1675f3eaba4561a1dc235701062270','ede5d2ddee60431e929ac05c5770e972','4f8f02dff98044ffb7f7dfbc8c57c596'),('90eb5a332a2645f2bb68d095f00d4e0f','6b80e868c6a1488c849a48f67043ab7e','181338c3068e4e85a7166accd3a16c6f'),('92b7569bac95461b9d12158c9d2da69a','a705b137ed6a4e0a96e517ce311120d9','4f8f02dff98044ffb7f7dfbc8c57c596'),('bc87011909064e369d25ffbaabd47bc3','3ec1ce34d6f542c1ac13fcf0b9224690','fe8147e10e454b259705d10d7514f2ac'),('bf279577c8b7464599cca4b2077cdbf0','a3827e5a0bcb4b29a1a531baddd395a8','dbca8e5caec24c6ca4b3dccd053f9102'),('c51dc05f41854027a7927eb82f0a529a','a705b137ed6a4e0a96e517ce311120d9','fe8147e10e454b259705d10d7514f2ac'),('c53d3b09bbfe4eee8ace608d64d9b29d','86c23626e20e4506947502052d8487a2','fe8147e10e454b259705d10d7514f2ac'),('d04363c02aca4e85841086b7b1150db1','cb91ba59beca4a7cab1ac89b1ed50488','dbca8e5caec24c6ca4b3dccd053f9102'),('fc8f19347abb4f6a80bb49ce2ea53c3d','c143fd2fceb349fbbc586a69c4716c86','4f8f02dff98044ffb7f7dfbc8c57c596');

/*Table structure for table `t_grade` */

DROP TABLE IF EXISTS `t_grade`;

CREATE TABLE `t_grade` (
  `id` varchar(32) NOT NULL COMMENT '主键id',
  `student_id` varchar(32) NOT NULL COMMENT '学生id',
  `course_id` varchar(32) NOT NULL COMMENT '课程id',
  `exam_time` date DEFAULT NULL COMMENT '考试时间',
  `exam_type` int DEFAULT NULL COMMENT '考试类型',
  `score` double NOT NULL DEFAULT '0' COMMENT '分数',
  `teacher_id` varchar(32) NOT NULL COMMENT '老师id',
  `status` int DEFAULT NULL,
  PRIMARY KEY (`id`)
) ENGINE=InnoDB DEFAULT CHARSET=utf8mb4 COLLATE=utf8mb4_0900_ai_ci;

/*Data for the table `t_grade` */

insert  into `t_grade`(`id`,`student_id`,`course_id`,`exam_time`,`exam_type`,`score`,`teacher_id`,`status`) values ('0801bdf5d4b945239daa87fbb4c9b99f','032e7ac5fe4d45ff824c7cf125c70d3f','f6ea624a4fad46c0b0dcf17839293387',NULL,NULL,10,'4f8f02dff98044ffb7f7dfbc8c57c596',1),('0a94d5bbf37c4b609c338ba3529a8b14','96d6a79f5a294559be39d51a2a94d8ef','3ec1ce34d6f542c1ac13fcf0b9224690',NULL,NULL,0,'4f8f02dff98044ffb7f7dfbc8c57c596',0),('1a3b75975bcf439a87f859a40c16fcff','032e7ac5fe4d45ff824c7cf125c70d3f','ede5d2ddee60431e929ac05c5770e972',NULL,NULL,0,'4f8f02dff98044ffb7f7dfbc8c57c596',0),('2fbbc125cde04c2991f5091695d67852','032e7ac5fe4d45ff824c7cf125c70d3f','6b80e868c6a1488c849a48f67043ab7e',NULL,NULL,0,'181338c3068e4e85a7166accd3a16c6f',0),('3585bcf9ae5f4119b774f539c8c27ac8','032e7ac5fe4d45ff824c7cf125c70d3f','a3827e5a0bcb4b29a1a531baddd395a8',NULL,NULL,0,'dbca8e5caec24c6ca4b3dccd053f9102',0),('5829e48997cd44c2a3b256e0f510cd73','caf2659b709e46679244603a5b1a5c41','3ec1ce34d6f542c1ac13fcf0b9224690',NULL,NULL,12,'4f8f02dff98044ffb7f7dfbc8c57c596',1),('5aaea31d7f604dccbecb05fb3d3a9ed5','032e7ac5fe4d45ff824c7cf125c70d3f','86c23626e20e4506947502052d8487a2',NULL,NULL,88,'fe8147e10e454b259705d10d7514f2ac',1),('673e7ecfc20f4711945cd52920e3cbb6','032e7ac5fe4d45ff824c7cf125c70d3f','3ec1ce34d6f542c1ac13fcf0b9224690',NULL,NULL,0,'4f8f02dff98044ffb7f7dfbc8c57c596',0),('73e4a67e4c2d4a40905e8824a61e5d09','96d6a79f5a294559be39d51a2a94d8ef','a705b137ed6a4e0a96e517ce311120d9',NULL,NULL,0,'fe8147e10e454b259705d10d7514f2ac',0),('741ef68b8fba41959165f9a3cf3ccd7c','032e7ac5fe4d45ff824c7cf125c70d3f','cb91ba59beca4a7cab1ac89b1ed50488',NULL,NULL,0,'dbca8e5caec24c6ca4b3dccd053f9102',0),('7b61ca1bfe9b46e3885ec5f1962444f0','ef17c0ca51454679b3c4e17195291da4','3ec1ce34d6f542c1ac13fcf0b9224690',NULL,NULL,0,'4f8f02dff98044ffb7f7dfbc8c57c596',0),('8d53374c36684614bde94d9fb6d98714','032e7ac5fe4d45ff824c7cf125c70d3f','a705b137ed6a4e0a96e517ce311120d9',NULL,NULL,85,'4f8f02dff98044ffb7f7dfbc8c57c596',1),('9c6ea45fe31748ccb91ed5657ce7aed1','caf2659b709e46679244603a5b1a5c41','86c23626e20e4506947502052d8487a2',NULL,NULL,0,'dbca8e5caec24c6ca4b3dccd053f9102',0),('b61c957aaad8436083c5953f944106e5','96d6a79f5a294559be39d51a2a94d8ef','a3827e5a0bcb4b29a1a531baddd395a8',NULL,NULL,0,'dbca8e5caec24c6ca4b3dccd053f9102',0),('c24c3461e8b04f7eb68501abd1b991da','ef17c0ca51454679b3c4e17195291da4','a705b137ed6a4e0a96e517ce311120d9',NULL,NULL,0,'fe8147e10e454b259705d10d7514f2ac',0),('d9c62e9930264070a71c2e963a0d25eb','ef17c0ca51454679b3c4e17195291da4','6b80e868c6a1488c849a48f67043ab7e',NULL,NULL,0,'181338c3068e4e85a7166accd3a16c6f',0),('daa3857a1005408aa4f7b0d209b6475c','96d6a79f5a294559be39d51a2a94d8ef','86c23626e20e4506947502052d8487a2',NULL,NULL,0,'fe8147e10e454b259705d10d7514f2ac',0),('ebcdee3ef7074e408b1be967f9f96789','caf2659b709e46679244603a5b1a5c41','a705b137ed6a4e0a96e517ce311120d9',NULL,NULL,0,'fe8147e10e454b259705d10d7514f2ac',0),('f1115855ee1342e68768c719f02aff9a','ef17c0ca51454679b3c4e17195291da4','86c23626e20e4506947502052d8487a2',NULL,NULL,0,'dbca8e5caec24c6ca4b3dccd053f9102',0),('f7c1875a504c44c2abf9daa9b64c10cd','96d6a79f5a294559be39d51a2a94d8ef','6b80e868c6a1488c849a48f67043ab7e',NULL,NULL,0,'181338c3068e4e85a7166accd3a16c6f',0);

/*Table structure for table `t_institute` */

DROP TABLE IF EXISTS `t_institute`;

CREATE TABLE `t_institute` (
  `id` varchar(32) NOT NULL COMMENT '主键id',
  `name` varchar(50) NOT NULL COMMENT '学院名称',
  `institute_number` varchar(32) NOT NULL COMMENT '学院编号',
  PRIMARY KEY (`id`)
) ENGINE=InnoDB DEFAULT CHARSET=utf8mb4 COLLATE=utf8mb4_0900_ai_ci;

/*Data for the table `t_institute` */

insert  into `t_institute`(`id`,`name`,`institute_number`) values ('271c18020e6a11ea85a85c93a27933da','计算机学院','001'),('28054f9bcea04f64bcd27f2ca1029865','管理学院','005'),('307afdce0e6a11ea85a85c93a27933da','汽车学院','002'),('a7aee40b6a26430689231dc7eda7a10c','园艺学院','010'),('bc7dbf7beb904caf8ec224fb39b06230','财经学院','006'),('be979ead02df4a98ad1b8f96932a959a','文学院','004'),('c63d41db540c4fe99e61514c5b3ce512','自动化学院','003');

/*Table structure for table `t_login_log` */

DROP TABLE IF EXISTS `t_login_log`;

CREATE TABLE `t_login_log` (
  `id` varchar(32) NOT NULL COMMENT '主键id',
  `user_id` varchar(32) DEFAULT NULL COMMENT '用户id',
  `login_time` datetime DEFAULT NULL ON UPDATE CURRENT_TIMESTAMP COMMENT '登录时间',
  `login_ip` varchar(255) DEFAULT NULL COMMENT '登录ip',
  `login_total` int DEFAULT NULL COMMENT '登录总次数',
  PRIMARY KEY (`id`)
) ENGINE=InnoDB DEFAULT CHARSET=utf8mb4 COLLATE=utf8mb4_0900_ai_ci;

/*Data for the table `t_login_log` */

insert  into `t_login_log`(`id`,`user_id`,`login_time`,`login_ip`,`login_total`) values ('01921d5c16694d3a8981f5cce0c1f992','67eb71f1091911eab9205c93a27933da','2022-05-19 11:12:40','0:0:0:0:0:0:0:1',45),('022ad880367543d7b5d727630db99604','de6f57bc983249e4a6be1f7fa2484616','2022-05-20 08:34:09','0:0:0:0:0:0:0:1',1),('0851364633fb47868777f7e91b933e59','67eb71f1091911eab9205c93a27933da','2022-05-20 08:32:42','0:0:0:0:0:0:0:1',80),('0a26fe19a9f945fc83a1c1b01b89c5c1','67eb71f1091911eab9205c93a27933da','2022-05-19 17:03:22','0:0:0:0:0:0:0:1',69),('0c7dcd7b05a94079a4c2fb28fe7c3811','67eb71f1091911eab9205c93a27933da','2022-05-19 09:16:36','0:0:0:0:0:0:0:1',25),('0ce0facce30b4ea0ae6e93d1fff03de3','67eb71f1091911eab9205c93a27933da','2022-05-19 08:20:44','0:0:0:0:0:0:0:1',17),('0e34f202a9894885bfc5053504acc68f','67eb71f1091911eab9205c93a27933da','2022-05-19 15:30:56','0:0:0:0:0:0:0:1',53),('1217dad6200847fa97cb5752ffd4ef7b','67eb71f1091911eab9205c93a27933da','2022-05-19 16:04:37','0:0:0:0:0:0:0:1',57),('14314da70f9d4d409938db29a306ead3','ef17c0ca51454679b3c4e17195291da4','2022-05-19 07:58:18','0:0:0:0:0:0:0:1',3),('14e0084b7c274148883e88fa7a4ff0fc','67eb71f1091911eab9205c93a27933da','2022-05-19 16:36:50','0:0:0:0:0:0:0:1',61),('150d8a25b71a4d97bc8a13837c064bc0','67eb71f1091911eab9205c93a27933da','2022-05-18 16:42:03','0:0:0:0:0:0:0:1',3),('1c8e36ec491843e5b038394137da8a74','67eb71f1091911eab9205c93a27933da','2022-05-19 09:36:16','0:0:0:0:0:0:0:1',36),('222e0b77a524438e856c2186f70a30d6','67eb71f1091911eab9205c93a27933da','2022-05-19 05:57:04','0:0:0:0:0:0:0:1',5),('22b9a79b721747e5a397f6f0854a3e7f','67eb71f1091911eab9205c93a27933da','2022-05-19 08:15:56','0:0:0:0:0:0:0:1',15),('2502e731af554f03bc562fa8811e571d','67eb71f1091911eab9205c93a27933da','2022-05-20 10:28:35','0:0:0:0:0:0:0:1',84),('2842c68aa2254ec3afa114980e2d610f','ef17c0ca51454679b3c4e17195291da4','2022-05-20 08:31:42','0:0:0:0:0:0:0:1',5),('28e1fada6e0047968968e9f0c427b4d9','67eb71f1091911eab9205c93a27933da','2022-05-19 16:16:22','0:0:0:0:0:0:0:1',59),('2a4d84f6a20e4047a6edaca446a29849','ef17c0ca51454679b3c4e17195291da4','2022-05-19 06:00:58','0:0:0:0:0:0:0:1',1),('2b546e7bfb2a4f5495162dc16fe3c724','67eb71f1091911eab9205c93a27933da','2022-05-19 11:11:25','0:0:0:0:0:0:0:1',44),('2c76211641304d3bb2954ae71c0c721c','67eb71f1091911eab9205c93a27933da','2022-05-19 07:57:28','0:0:0:0:0:0:0:1',8),('3650e874a03c4630a1d68165e4581999','67eb71f1091911eab9205c93a27933da','2022-05-19 16:12:03','0:0:0:0:0:0:0:1',58),('36f4882bfbb548cfac6199483a889fc0','67eb71f1091911eab9205c93a27933da','2022-05-20 09:51:57','0:0:0:0:0:0:0:1',83),('374912ad6b4442c193c1ec844a0d2b95','032e7ac5fe4d45ff824c7cf125c70d3f','2022-05-19 08:58:55','0:0:0:0:0:0:0:1',2),('382e20415f1d4c639a019bfc4d52f3e2','67eb71f1091911eab9205c93a27933da','2022-05-19 08:15:27','0:0:0:0:0:0:0:1',13),('40a70c665c914f078865b96c26a095da','032e7ac5fe4d45ff824c7cf125c70d3f','2022-05-20 08:32:04','0:0:0:0:0:0:0:1',3),('411d4ea53de44e49be88ae973073d401','67eb71f1091911eab9205c93a27933da','2022-05-18 16:25:08','0:0:0:0:0:0:0:1',2),('48162a5ef7d54996ad005c1be8a7c021','67eb71f1091911eab9205c93a27933da','2022-05-19 08:10:53','0:0:0:0:0:0:0:1',10),('487e14dc71194851af608063fc734675','96d6a79f5a294559be39d51a2a94d8ef','2022-05-20 08:32:28','0:0:0:0:0:0:0:1',2),('4c1720074ea040cc8e0fd788ead4e47e','67eb71f1091911eab9205c93a27933da','2022-05-19 17:25:17','0:0:0:0:0:0:0:1',75),('4e9bf348d59c411c9efff12e87b4d591','67eb71f1091911eab9205c93a27933da','2022-05-19 09:22:19','0:0:0:0:0:0:0:1',29),('4ffcb305961c4ee5b4bfd032e1f6ca86','67eb71f1091911eab9205c93a27933da','2022-05-19 10:16:56','0:0:0:0:0:0:0:1',41),('522ec7bd82084f6eb9719c99ae1e8b35','67eb71f1091911eab9205c93a27933da','2022-05-19 11:08:55','0:0:0:0:0:0:0:1',43),('52bdd99133ca41f29f18e89507f2a707','67eb71f1091911eab9205c93a27933da','2022-05-19 16:42:57','0:0:0:0:0:0:0:1',66),('5348ac77e926472dba830634cda7a9f6','67eb71f1091911eab9205c93a27933da','2022-05-20 05:58:12','0:0:0:0:0:0:0:1',77),('548ce3d8c3314cf3bb9603657e08dfe1','67eb71f1091911eab9205c93a27933da','2022-05-19 11:06:39','0:0:0:0:0:0:0:1',42),('54e154c381614839a73922ff6390dca1','67eb71f1091911eab9205c93a27933da','2022-05-19 09:22:06','0:0:0:0:0:0:0:1',28),('56014232107d481eb93c9e24ddef6e3d','67eb71f1091911eab9205c93a27933da','2022-05-19 11:17:37','0:0:0:0:0:0:0:1',46),('57783d5fbbdb469f83fd370a8589358c','67eb71f1091911eab9205c93a27933da','2022-05-19 11:20:11','0:0:0:0:0:0:0:1',48),('58878241ebf34a8085688b56014b6752','67eb71f1091911eab9205c93a27933da','2022-05-19 17:18:19','0:0:0:0:0:0:0:1',73),('5919e28af74440b297914c31414523d2','ef17c0ca51454679b3c4e17195291da4','2022-05-20 08:29:08','0:0:0:0:0:0:0:1',4),('5cd85103d16c4ab098b6521f222e034d','67eb71f1091911eab9205c93a27933da','2022-05-19 09:26:27','0:0:0:0:0:0:0:1',32),('5d87d6108d994046aa8e1ae5ca7ade2e','67eb71f1091911eab9205c93a27933da','2022-05-19 05:56:32','0:0:0:0:0:0:0:1',4),('5e795bf736ea4826991efec72e27916c','67eb71f1091911eab9205c93a27933da','2022-05-19 09:26:23','0:0:0:0:0:0:0:1',31),('5e944098bded432ba0d4d9847582d58d','67eb71f1091911eab9205c93a27933da','2022-05-19 16:16:41','0:0:0:0:0:0:0:1',60),('5fb98a2647bb481f8751464a847d8f23','181338c3068e4e85a7166accd3a16c6f','2022-05-19 17:23:05','0:0:0:0:0:0:0:1',1),('6ae255fd06ff47daba5012701262907c','67eb71f1091911eab9205c93a27933da','2022-05-19 08:59:03','0:0:0:0:0:0:0:1',23),('71e6a06a81ac4bfd8e7b9dbb95c84eb0','67eb71f1091911eab9205c93a27933da','2022-05-19 15:18:24','0:0:0:0:0:0:0:1',52),('71f4d27cc270449c97729eb03c17122e','67eb71f1091911eab9205c93a27933da','2022-05-19 08:03:52','0:0:0:0:0:0:0:1',9),('75a92f8fd0bd4862b02b5f3d1a8064d2','67eb71f1091911eab9205c93a27933da','2022-05-19 15:52:40','0:0:0:0:0:0:0:1',54),('76d7143255eb4207952325523685c926','67eb71f1091911eab9205c93a27933da','2022-05-19 09:30:23','0:0:0:0:0:0:0:1',34),('7bc0ddc820a8487fa4031c8f2d74ae23','96d6a79f5a294559be39d51a2a94d8ef','2022-05-19 05:59:29','0:0:0:0:0:0:0:1',1),('7bd7cf442dcb4b6eb5af31f571bd0398','67eb71f1091911eab9205c93a27933da','2022-05-19 11:25:57','0:0:0:0:0:0:0:1',50),('85cd3b18f6d64a5da3d249792c500e98','67eb71f1091911eab9205c93a27933da','2022-05-19 09:41:20','0:0:0:0:0:0:0:1',38),('8680e234aab4490ea106075443d8ac11','032e7ac5fe4d45ff824c7cf125c70d3f','2022-05-19 05:56:51','0:0:0:0:0:0:0:1',1),('8885cd3ff0bf47478a59ffd6452d351b','67eb71f1091911eab9205c93a27933da','2022-05-19 11:30:56','0:0:0:0:0:0:0:1',51),('899c8241041e4c25ab6a7f318d94a45b','67eb71f1091911eab9205c93a27933da','2022-05-19 09:16:33','0:0:0:0:0:0:0:1',24),('8a128c8e9e3943f2a30a9eaea9bef20d','67eb71f1091911eab9205c93a27933da','2022-05-19 17:25:12','0:0:0:0:0:0:0:1',74),('965a23662ecf432993011c14ddd6f5f7','67eb71f1091911eab9205c93a27933da','2022-05-19 10:06:07','0:0:0:0:0:0:0:1',40),('977389a6df7e4c9f8e8787ae80aa2765','67eb71f1091911eab9205c93a27933da','2022-05-19 08:31:07','0:0:0:0:0:0:0:1',21),('9d9e04d4bc504fe9bd933b1e8ab903a6','67eb71f1091911eab9205c93a27933da','2022-05-19 08:15:48','0:0:0:0:0:0:0:1',14),('9da3dfd5e09f407f90dc4fea39bd6c73','67eb71f1091911eab9205c93a27933da','2022-05-19 08:19:36','0:0:0:0:0:0:0:1',16),('a3183187c87349d49eb5d22eae17809f','67eb71f1091911eab9205c93a27933da','2022-05-19 10:01:34','0:0:0:0:0:0:0:1',39),('a323a5f3946f43d78de83a4a131617ec','67eb71f1091911eab9205c93a27933da','2022-05-19 17:07:42','0:0:0:0:0:0:0:1',71),('a6f9f36d59a64fb197c91214e5b2b666','67eb71f1091911eab9205c93a27933da','2022-05-19 09:25:29','0:0:0:0:0:0:0:1',30),('aa82831147eb4bf4879609e026e7844b','67eb71f1091911eab9205c93a27933da','2022-05-19 08:26:02','0:0:0:0:0:0:0:1',19),('abe57ac042334bd7a3cc433c43edaeb4','67eb71f1091911eab9205c93a27933da','2022-05-19 11:23:40','0:0:0:0:0:0:0:1',49),('b676435d81cc4d47bec96c98ffc9b435','67eb71f1091911eab9205c93a27933da','2022-05-20 08:31:19','0:0:0:0:0:0:0:1',79),('bb4b2da35c0441b0ac3e557ebca75f26','181338c3068e4e85a7166accd3a16c6f','2022-05-20 08:31:04','0:0:0:0:0:0:0:1',2),('bb5142ebaec94f9a94c3fb276503a65a','67eb71f1091911eab9205c93a27933da','2022-05-19 11:19:16','0:0:0:0:0:0:0:1',47),('bb53f37181d649218e0715f3b7f55b2d','67eb71f1091911eab9205c93a27933da','2022-05-19 16:42:46','0:0:0:0:0:0:0:1',65),('c171774ef35745bab2357af3a858822c','67eb71f1091911eab9205c93a27933da','2022-05-19 09:37:44','0:0:0:0:0:0:0:1',37),('c23e0e60ecd64a12b3a50c0c74232004','67eb71f1091911eab9205c93a27933da','2022-05-19 09:21:59','0:0:0:0:0:0:0:1',26),('c3b037ff975f4de7be7f55b4f02f8b78','67eb71f1091911eab9205c93a27933da','2022-05-19 09:22:02','0:0:0:0:0:0:0:1',27),('c62a1b6e100b4050b9e0996bfe050861','67eb71f1091911eab9205c93a27933da','2022-05-19 16:55:20','0:0:0:0:0:0:0:1',68),('c7a0fc2220824461adc9efa15fb7d708','67eb71f1091911eab9205c93a27933da','2022-05-19 09:27:42','0:0:0:0:0:0:0:1',33),('ca4b4386ed204f2887fc24750963e490','67eb71f1091911eab9205c93a27933da','2022-05-20 07:36:39','0:0:0:0:0:0:0:1',78),('cc7bb43f43474224ae87ebe4856a7fa5','67eb71f1091911eab9205c93a27933da','2022-05-19 08:14:11','0:0:0:0:0:0:0:1',12),('d15a3c0e81e54e2eb37aa2c5f9d2cb92','67eb71f1091911eab9205c93a27933da','2022-05-19 08:28:04','0:0:0:0:0:0:0:1',20),('d32b81e2718e483fb380b01a1cd49deb','67eb71f1091911eab9205c93a27933da','2022-05-19 16:38:53','0:0:0:0:0:0:0:1',63),('d5c5d264f15c43b68d2912edfada21aa','ef17c0ca51454679b3c4e17195291da4','2022-05-19 07:57:43','0:0:0:0:0:0:0:1',2),('dc2c1756c64245b2948fefb1c175de57','67eb71f1091911eab9205c93a27933da','2022-05-19 17:39:53','0:0:0:0:0:0:0:1',76),('dcc62f58d8d44157ba70b60db5019018','67eb71f1091911eab9205c93a27933da','2022-05-19 09:31:06','0:0:0:0:0:0:0:1',35),('e295d010f28345878d000da75cee827a','67eb71f1091911eab9205c93a27933da','2022-05-19 16:42:28','0:0:0:0:0:0:0:1',64),('e76591c12a1948f69f8db54e9a5361c1','67eb71f1091911eab9205c93a27933da','2022-05-20 09:31:58','0:0:0:0:0:0:0:1',82),('e8488ed789d1440f8323abfc0aed3cc5','67eb71f1091911eab9205c93a27933da','2022-05-18 14:48:40','0:0:0:0:0:0:0:1',1),('e9414fb6c6794ab89834ee86847c9f14','67eb71f1091911eab9205c93a27933da','2022-05-19 05:59:55','0:0:0:0:0:0:0:1',7),('e948b93b1f104d548a20b335d0dd6b73','67eb71f1091911eab9205c93a27933da','2022-05-19 17:05:19','0:0:0:0:0:0:0:1',70),('ee06e2d60de043f09808fa52e0fdee7f','67eb71f1091911eab9205c93a27933da','2022-05-19 08:57:06','0:0:0:0:0:0:0:1',22),('f1ae94964af9436cb2ac8dc000cc20a4','67eb71f1091911eab9205c93a27933da','2022-05-20 08:39:17','0:0:0:0:0:0:0:1',81),('f23ad84948e44ee1b54be1f89bf61273','67eb71f1091911eab9205c93a27933da','2022-05-19 17:08:52','0:0:0:0:0:0:0:1',72),('f57eace0d3f241318f542f5bfac57bcf','67eb71f1091911eab9205c93a27933da','2022-05-19 16:54:52','0:0:0:0:0:0:0:1',67),('f6d7ac52e6614c05aa4bdd08e99ec4b2','67eb71f1091911eab9205c93a27933da','2022-05-19 16:04:11','0:0:0:0:0:0:0:1',56),('f7d19ab82a6d4c92b45f81a43e7f3719','67eb71f1091911eab9205c93a27933da','2022-05-19 08:24:55','0:0:0:0:0:0:0:1',18),('f8a3bfc7c58741508019e4ce9a208d2d','67eb71f1091911eab9205c93a27933da','2022-05-19 16:37:44','0:0:0:0:0:0:0:1',62),('f8d434eb28a24960bd943943212af993','67eb71f1091911eab9205c93a27933da','2022-05-19 08:11:51','0:0:0:0:0:0:0:1',11),('f99b1766be684950b33e95de31f4cb76','67eb71f1091911eab9205c93a27933da','2022-05-19 05:58:54','0:0:0:0:0:0:0:1',6),('fd3fd8a205534c93809b422868b183d0','67eb71f1091911eab9205c93a27933da','2022-05-19 15:55:13','0:0:0:0:0:0:0:1',55);

/*Table structure for table `t_major` */

DROP TABLE IF EXISTS `t_major`;

CREATE TABLE `t_major` (
  `id` varchar(32) NOT NULL COMMENT '主键id',
  `name` varchar(50) NOT NULL COMMENT '专业名称',
  `major_number` varchar(32) NOT NULL COMMENT '专业编号',
  `institute_id` varchar(32) NOT NULL COMMENT '学院id',
  PRIMARY KEY (`id`)
) ENGINE=InnoDB DEFAULT CHARSET=utf8mb4 COLLATE=utf8mb4_0900_ai_ci;

/*Data for the table `t_major` */

insert  into `t_major`(`id`,`name`,`major_number`,`institute_id`) values ('0f413024eb5c460fb129bf06eb4ee6c9','软件工程','02','271c18020e6a11ea85a85c93a27933da'),('46fda4a6e1b14ae3b209ea9f8c0b45a0','车辆工程','clgc01','307afdce0e6a11ea85a85c93a27933da'),('940c25ce0e7111ea85a85c93a27933da','计算机科学与技术','01','271c18020e6a11ea85a85c93a27933da');

/*Table structure for table `t_operate_record` */

DROP TABLE IF EXISTS `t_operate_record`;

CREATE TABLE `t_operate_record` (
  `id` varchar(255) NOT NULL,
  `request_url` varchar(255) DEFAULT NULL COMMENT '请求的url',
  `remote_addr` varchar(255) DEFAULT NULL COMMENT '远程的ip地址',
  `params` varchar(255) DEFAULT NULL COMMENT '请求参数',
  `method` varchar(255) DEFAULT NULL COMMENT '请示方式',
  `create_time` datetime DEFAULT NULL ON UPDATE CURRENT_TIMESTAMP,
  `user_id` varchar(32) DEFAULT NULL COMMENT '用户id',
  `is_success` int DEFAULT NULL COMMENT '请求是否成功，1成功，0失败',
  PRIMARY KEY (`id`)
) ENGINE=InnoDB DEFAULT CHARSET=utf8mb4 COLLATE=utf8mb4_0900_ai_ci;

/*Data for the table `t_operate_record` */

insert  into `t_operate_record`(`id`,`request_url`,`remote_addr`,`params`,`method`,`create_time`,`user_id`,`is_success`) values ('00db9e44189d418bb16fa240de457868','/user/list','0:0:0:0:0:0:0:1',NULL,'GET','2022-05-19 06:00:59','ef17c0ca51454679b3c4e17195291da4',1),('01263141eb934520a024e50cab9f88e0','/sys/findUserReqTotal','0:0:0:0:0:0:0:1',NULL,'GET','2022-05-19 17:21:39','67eb71f1091911eab9205c93a27933da',1),('013ae19308ed454d83404fc4dbe67bf7','/user/list','0:0:0:0:0:0:0:1',NULL,'GET','2022-05-19 07:57:29','67eb71f1091911eab9205c93a27933da',1),('0163ac81537b433da152203bf1ebc397','/user/login','0:0:0:0:0:0:0:1',NULL,'POST','2022-05-19 17:25:06','181338c3068e4e85a7166accd3a16c6f',0),('01adec046c9543e6aab80efbfc2d0320','/user/login','0:0:0:0:0:0:0:1',NULL,'POST','2022-05-19 17:23:17','181338c3068e4e85a7166accd3a16c6f',0),('0267334bb9df44d48458a9add1ac75fa','/course/mycourse','0:0:0:0:0:0:0:1',NULL,'GET','2022-05-20 08:34:12','de6f57bc983249e4a6be1f7fa2484616',1),('02ea6384da054206abed20990629b584','/course/mycourse','0:0:0:0:0:0:0:1',NULL,'GET','2022-05-19 05:59:46','96d6a79f5a294559be39d51a2a94d8ef',0),('030fa664bd7b452493ccd59194b8e2bb','/user/add','0:0:0:0:0:0:0:1',NULL,'POST','2022-05-19 17:45:07','67eb71f1091911eab9205c93a27933da',1),('03a64dab5093431cb98b5a3e6ca71243','/institute/list','0:0:0:0:0:0:0:1',NULL,'GET','2022-05-19 09:30:40','67eb71f1091911eab9205c93a27933da',1),('047d507d05114b2388052a181fe55d9c','/user/login','0:0:0:0:0:0:0:1',NULL,'POST','2022-05-19 15:52:40',NULL,1),('04ccf1efcf6841e9bb49d5ce2a0cda5f','/user/list','0:0:0:0:0:0:0:1',NULL,'GET','2022-05-19 11:16:22','67eb71f1091911eab9205c93a27933da',1),('058286b1c64c4f77a26a12cc8ec19593','/user/list','0:0:0:0:0:0:0:1',NULL,'GET','2022-05-19 16:55:09','67eb71f1091911eab9205c93a27933da',1),('05dbf72f1d8a4c80912eb827c4bbb172','/user/list','0:0:0:0:0:0:0:1',NULL,'GET','2022-05-18 16:25:09','67eb71f1091911eab9205c93a27933da',1),('0663ca48a79f46b0b1ee87d99d4010ab','/institute/findAllInstitute','0:0:0:0:0:0:0:1',NULL,'GET','2022-05-19 17:49:04','67eb71f1091911eab9205c93a27933da',1),('06de5ce424a64117a50ffb596bbf195e','/user/login','0:0:0:0:0:0:0:1',NULL,'POST','2022-05-19 08:15:56','67eb71f1091911eab9205c93a27933da',1),('070a323e45234cc4b8538f9440457606','/teacher/list','0:0:0:0:0:0:0:1',NULL,'GET','2022-05-20 06:00:16','67eb71f1091911eab9205c93a27933da',1),('089f071bd7314581ad61113e611beb1f','/user/status','0:0:0:0:0:0:0:1',NULL,'POST','2022-05-19 07:58:25','ef17c0ca51454679b3c4e17195291da4',1),('08ac7226ca9f4a96987fd9890670224c','/course/mycourse','0:0:0:0:0:0:0:1',NULL,'GET','2022-05-19 05:59:36','96d6a79f5a294559be39d51a2a94d8ef',1),('0a9ba3620d164a34b09ca759eb97fd60','/dict/findListByDictTypeCode','0:0:0:0:0:0:0:1',NULL,'GET','2022-05-20 05:58:57','67eb71f1091911eab9205c93a27933da',1),('0a9d3fecc44b41479ecf774a46a2163a','/major/findAllMajor','0:0:0:0:0:0:0:1',NULL,'GET','2022-05-19 05:59:03','67eb71f1091911eab9205c93a27933da',1),('0aa5a9816f1b4ef98073e5d4932c0d85','/dict/findListByDictTypeCode','0:0:0:0:0:0:0:1',NULL,'GET','2022-05-20 10:33:17','67eb71f1091911eab9205c93a27933da',1),('0aa7a4c8edf44ff0a04b6c6d83d83f6e','/sys/findUserReqTotal','0:0:0:0:0:0:0:1',NULL,'GET','2022-05-19 17:15:04','67eb71f1091911eab9205c93a27933da',1),('0b4ec89f968947bebc36c37c5d7bbfd7','/teacher/list','0:0:0:0:0:0:0:1',NULL,'GET','2022-05-19 17:25:42','67eb71f1091911eab9205c93a27933da',1),('0bd366975c854f0193695f45d7130cb4','/user/list','0:0:0:0:0:0:0:1',NULL,'GET','2022-05-19 11:19:16','67eb71f1091911eab9205c93a27933da',1),('0be0721dcd354d0183b4daf3a9a319ae','/user/list','0:0:0:0:0:0:0:1',NULL,'GET','2022-05-19 05:59:29','96d6a79f5a294559be39d51a2a94d8ef',1),('0c72727583ba4c0e8b4788be3152dbbf','/course/mycourse','0:0:0:0:0:0:0:1',NULL,'GET','2022-05-19 05:56:54','032e7ac5fe4d45ff824c7cf125c70d3f',0),('0ce4bd295750482ba74ec2396fe7780e','/user/login','0:0:0:0:0:0:0:1',NULL,'POST','2022-05-19 09:22:19','67eb71f1091911eab9205c93a27933da',1),('0ce80cda69954f8a8feb421b557d6ff5','/institute/list','0:0:0:0:0:0:0:1',NULL,'GET','2022-05-19 11:20:11','67eb71f1091911eab9205c93a27933da',1),('0d3ad69b668a48ff948acfe7eadabf9d','/teacher/list','0:0:0:0:0:0:0:1',NULL,'GET','2022-05-19 15:45:46','67eb71f1091911eab9205c93a27933da',1),('0d54c1bc0feb461fb303e5a5c644b042','/user/list','0:0:0:0:0:0:0:1',NULL,'GET','2022-05-19 11:14:59','67eb71f1091911eab9205c93a27933da',1),('0d92ecc1413545b390a539699f3bc259','/student/list','0:0:0:0:0:0:0:1',NULL,'GET','2022-05-19 06:00:07','67eb71f1091911eab9205c93a27933da',1),('0d9a224ddabb465bb62c01ec60b6b055','/user/login','0:0:0:0:0:0:0:1',NULL,'POST','2022-05-19 15:30:55',NULL,1),('0f2d2eca95b84a71932f72fdd3af5749','/course/list','0:0:0:0:0:0:0:1',NULL,'GET','2022-05-20 09:39:15','67eb71f1091911eab9205c93a27933da',1),('0f4e29a05b9d49a78aded16afaa8cf1d','/course/choice','0:0:0:0:0:0:0:1',NULL,'GET','2022-05-20 08:32:07','032e7ac5fe4d45ff824c7cf125c70d3f',1),('0fa5bf3411974efc8c7d31b772874ea9','/course/list','0:0:0:0:0:0:0:1',NULL,'GET','2022-05-20 09:39:11','67eb71f1091911eab9205c93a27933da',1),('0fb894a6a52741f5beb2120588172383','/institute/list','0:0:0:0:0:0:0:1',NULL,'GET','2022-05-19 11:07:48','67eb71f1091911eab9205c93a27933da',1),('106f011a21294a52ba3f02ec5a6793a1','/user/login','0:0:0:0:0:0:0:1',NULL,'GET','2022-05-20 08:27:54',NULL,0),('10e40a934116403aadbe64f99ce9240c','/user/list','0:0:0:0:0:0:0:1',NULL,'GET','2022-05-19 08:16:42','67eb71f1091911eab9205c93a27933da',1),('11df6e0a318248b296f056eac1d2a732','/user/login','0:0:0:0:0:0:0:1',NULL,'POST','2022-05-19 17:08:52','67eb71f1091911eab9205c93a27933da',1),('12ea4e3107cf48bfba2355c2af5669c1','/major/list','0:0:0:0:0:0:0:1',NULL,'GET','2022-05-19 17:13:27','67eb71f1091911eab9205c93a27933da',1),('132d0cf91f3a42ea8a5ee49d545ea815','/user/login','0:0:0:0:0:0:0:1',NULL,'POST','2022-05-19 16:55:20','67eb71f1091911eab9205c93a27933da',1),('1398d0a94b9448bc9e7444b42eb44096','/user/list','0:0:0:0:0:0:0:1',NULL,'GET','2022-05-19 08:21:10','67eb71f1091911eab9205c93a27933da',1),('13d0a50871454c6ca1e037e44bd78297','/user/login','0:0:0:0:0:0:0:1',NULL,'GET','2022-05-19 15:22:40',NULL,0),('148f2877e8f74c51b1f72458e83183c1','/user/list','0:0:0:0:0:0:0:1',NULL,'GET','2022-05-19 16:04:13','67eb71f1091911eab9205c93a27933da',1),('14dbdfc74d9a410795d35a5402db271e','/dict/findListByDictTypeCode','0:0:0:0:0:0:0:1',NULL,'GET','2022-05-19 15:34:32','67eb71f1091911eab9205c93a27933da',1),('1503578ea2c54e43994764e65cee5c37','/clazz/findAllClazz','0:0:0:0:0:0:0:1',NULL,'GET','2022-05-20 08:32:50','67eb71f1091911eab9205c93a27933da',1),('16c67b6cf81043d0a7f8785b50fbc226','/institute/list','0:0:0:0:0:0:0:1',NULL,'GET','2022-05-19 11:10:48','67eb71f1091911eab9205c93a27933da',1),('178191c466504e88ba602f652ea278a1','/user/login','0:0:0:0:0:0:0:1',NULL,'POST','2022-05-19 17:07:42','67eb71f1091911eab9205c93a27933da',1),('17b16a793d3842fa8c7c4146bbd24e26','/user/login','0:0:0:0:0:0:0:1',NULL,'POST','2022-05-19 08:15:27','67eb71f1091911eab9205c93a27933da',1),('17c31fcc68244e83bee1a4a8ea5566ef','/course/mycourse','0:0:0:0:0:0:0:1',NULL,'GET','2022-05-20 08:29:12','ef17c0ca51454679b3c4e17195291da4',1),('17dce37967a94666bc5019bdd35e8eac','/course/mycourse','0:0:0:0:0:0:0:1',NULL,'GET','2022-05-20 08:32:10','032e7ac5fe4d45ff824c7cf125c70d3f',1),('181a92551be648c9a2df782d03756905','/user/login','0:0:0:0:0:0:0:1',NULL,'POST','2022-05-19 17:39:43','181338c3068e4e85a7166accd3a16c6f',0),('1a830cacaac447f1a2d9ae1499f974f3','/course/mycourse','0:0:0:0:0:0:0:1',NULL,'GET','2022-05-19 07:57:49','ef17c0ca51454679b3c4e17195291da4',1),('1b03d0b8d4fb42f7aba88efed6a63a21','/user/login','0:0:0:0:0:0:0:1',NULL,'POST','2022-05-19 05:56:47','67eb71f1091911eab9205c93a27933da',0),('1b181bd47a834452822f62862dc210f5','/user/list','0:0:0:0:0:0:0:1',NULL,'GET','2022-05-19 17:20:57','67eb71f1091911eab9205c93a27933da',1),('1b2b777cee234ed9a8b2d5879eb04a4d','/dict/findListByDictTypeCode','0:0:0:0:0:0:0:1',NULL,'GET','2022-05-20 06:00:34','67eb71f1091911eab9205c93a27933da',1),('1c0bb70abc3f4a739671ba479018084d','/user/list','0:0:0:0:0:0:0:1',NULL,'GET','2022-05-19 16:16:46','67eb71f1091911eab9205c93a27933da',1),('1cca7fbb65ec46128b947604c7a79ae2','/user/list','0:0:0:0:0:0:0:1',NULL,'GET','2022-05-19 08:09:36','67eb71f1091911eab9205c93a27933da',1),('1d53605e25634ab69245fcbf9121f800','/course/center','0:0:0:0:0:0:0:1',NULL,'GET','2022-05-19 17:23:10','181338c3068e4e85a7166accd3a16c6f',1),('1e318e7bd6ca4fdd816442b8b79afb81','/user/list','0:0:0:0:0:0:0:1',NULL,'GET','2022-05-19 05:56:33','67eb71f1091911eab9205c93a27933da',1),('1e65cfbc8f93493cbf3fdfb48d704593','/course/mycourse','0:0:0:0:0:0:0:1',NULL,'GET','2022-05-19 08:58:57','032e7ac5fe4d45ff824c7cf125c70d3f',1),('1e9731618080467eaad5bc41d0432bde','/student/list','0:0:0:0:0:0:0:1',NULL,'GET','2022-05-19 11:09:16','67eb71f1091911eab9205c93a27933da',1),('1ecc55d65702415bbe4a8a81e46430bf','/course/mycourse','0:0:0:0:0:0:0:1',NULL,'GET','2022-05-20 08:32:06','032e7ac5fe4d45ff824c7cf125c70d3f',1),('1ef503cac69944dbb69c48441aec81dc','/perms/list','0:0:0:0:0:0:0:1',NULL,'GET','2022-05-20 07:45:47','67eb71f1091911eab9205c93a27933da',1),('1efa396ad41142f5a7eaab19fe82a12c','/user/list','0:0:0:0:0:0:0:1',NULL,'GET','2022-05-19 08:04:45','67eb71f1091911eab9205c93a27933da',1),('1f101f4a76f44de0831ed3259aaa7048','/user/list','0:0:0:0:0:0:0:1',NULL,'GET','2022-05-19 11:14:59','67eb71f1091911eab9205c93a27933da',1),('1f56d3d480d34016b573cbfb0112b8e6','/user/list','0:0:0:0:0:0:0:1',NULL,'GET','2022-05-19 08:10:03','67eb71f1091911eab9205c93a27933da',1),('1f9291099a9742229e36115d862b873c','/teacher/list','0:0:0:0:0:0:0:1',NULL,'GET','2022-05-19 08:36:05','67eb71f1091911eab9205c93a27933da',1),('215ac854e80c48c1ae68ac091670caea','/course/student','0:0:0:0:0:0:0:1',NULL,'POST','2022-05-19 05:59:41','96d6a79f5a294559be39d51a2a94d8ef',0),('21a50fc9921548009eb01c8f14255da0','/institute/list','0:0:0:0:0:0:0:1',NULL,'GET','2022-05-19 11:18:05','67eb71f1091911eab9205c93a27933da',1),('222131be999f4ccd9afddc0e8a8a66c4','/clazz/list','0:0:0:0:0:0:0:1',NULL,'GET','2022-05-19 11:29:13','67eb71f1091911eab9205c93a27933da',1),('2224a6390baa4b0090410309bd9f8f3c','/sys/findUserLoginTotal','0:0:0:0:0:0:0:1',NULL,'GET','2022-05-18 14:48:35','67eb71f1091911eab9205c93a27933da',1),('22494d25728b4dde8db9be147d45228a','/user/login','0:0:0:0:0:0:0:1',NULL,'POST','2022-05-19 11:20:11','67eb71f1091911eab9205c93a27933da',1),('2259e9227ebe4654b94323ddce03a725','/course/student','0:0:0:0:0:0:0:1',NULL,'POST','2022-05-20 08:31:49','ef17c0ca51454679b3c4e17195291da4',1),('22def8837d6d42c2b9e262822351bc79','/course/choice','0:0:0:0:0:0:0:1',NULL,'GET','2022-05-19 05:59:38','96d6a79f5a294559be39d51a2a94d8ef',1),('23433db66bce46b1ba1114f213001b09','/clazz/list','0:0:0:0:0:0:0:1',NULL,'GET','2022-05-18 16:25:14','67eb71f1091911eab9205c93a27933da',1),('23919efdd2bc4aa19773f425153a12ed','/course/student','0:0:0:0:0:0:0:1',NULL,'POST','2022-05-20 08:34:29','de6f57bc983249e4a6be1f7fa2484616',0),('23d36d2eb8544dabb3c954bdedc38434','/sys/findUserReqTotal','0:0:0:0:0:0:0:1',NULL,'GET','2022-05-18 14:48:42','67eb71f1091911eab9205c93a27933da',1),('23f5f1b1b15848edaa9a09846cd2e2b7','/clazz/list','0:0:0:0:0:0:0:1',NULL,'GET','2022-05-19 17:22:50','67eb71f1091911eab9205c93a27933da',1),('246355c2117c430c81e7a9b2fd16dcc8','/user/login','0:0:0:0:0:0:0:1',NULL,'POST','2022-05-19 17:23:35','181338c3068e4e85a7166accd3a16c6f',0),('259e991362ef417782c9ef2128b4d156','/sys/operateRecord/list','0:0:0:0:0:0:0:1',NULL,'GET','2022-05-18 14:47:35','67eb71f1091911eab9205c93a27933da',1),('26eeed0532dd4314883ace286a30a621','/major/list','0:0:0:0:0:0:0:1',NULL,'GET','2022-05-19 16:48:47','67eb71f1091911eab9205c93a27933da',1),('27fd601e76344ed3bbede8da5bdd11a8','/dict/findListByDictTypeCode','0:0:0:0:0:0:0:1',NULL,'GET','2022-05-20 08:32:46','67eb71f1091911eab9205c93a27933da',1),('287b3186c3d240938f58e23b7be53e15','/course/mycourse','0:0:0:0:0:0:0:1',NULL,'GET','2022-05-20 08:30:25','ef17c0ca51454679b3c4e17195291da4',1),('28d9e146e1cc4d79886d2833258fea88','/role/findRolesPermisByRole','0:0:0:0:0:0:0:1',NULL,'GET','2022-05-20 07:42:45','67eb71f1091911eab9205c93a27933da',1),('29be4796382a4ec287cd488aa6722979','/user/list','0:0:0:0:0:0:0:1',NULL,'GET','2022-05-19 11:13:59','67eb71f1091911eab9205c93a27933da',1),('29da919319b64368a8831413a785417d','/user/list','0:0:0:0:0:0:0:1',NULL,'GET','2022-05-19 17:25:50','67eb71f1091911eab9205c93a27933da',1),('29eaa0cf942a4f66aa31d90b1b19aad0','/user/login','0:0:0:0:0:0:0:1',NULL,'GET','2022-05-19 05:56:33',NULL,0),('2a7479fed1a242e29ed68d91977986a6','/user/login','0:0:0:0:0:0:0:1',NULL,'POST','2022-05-19 17:24:51','181338c3068e4e85a7166accd3a16c6f',1),('2a83a8db7cd34e5d8c7e5da7e6971d59','/teacher/list','0:0:0:0:0:0:0:1',NULL,'GET','2022-05-19 17:18:47','67eb71f1091911eab9205c93a27933da',1),('2c9c3a24d50944829604c71f73c0879c','/perms/list','0:0:0:0:0:0:0:1',NULL,'GET','2022-05-18 14:48:55','67eb71f1091911eab9205c93a27933da',1),('2c9e5f3d57b143f8a4c1d8c382b54ab4','/clazz/findAllClazz','0:0:0:0:0:0:0:1',NULL,'GET','2022-05-19 06:00:17','67eb71f1091911eab9205c93a27933da',1),('2cde683bf20c45eda0348fc2d1949a73','/user/list','0:0:0:0:0:0:0:1',NULL,'GET','2022-05-19 11:18:11','67eb71f1091911eab9205c93a27933da',1),('2ce8a5acc1bd4d21924337a4f3874325','/role/list','0:0:0:0:0:0:0:1',NULL,'GET','2022-05-18 16:25:21','67eb71f1091911eab9205c93a27933da',1),('2d50d9419d314885bede30f0e13cc798','/user/login','0:0:0:0:0:0:0:1',NULL,'POST','2022-05-19 16:42:28','67eb71f1091911eab9205c93a27933da',1),('2dacb80555f0443a9be3eff321bc8a10','/course/student','0:0:0:0:0:0:0:1',NULL,'POST','2022-05-20 08:32:10','032e7ac5fe4d45ff824c7cf125c70d3f',1),('2dd4f771ad3249ba8bd5cf251d92a25c','/course/delete','0:0:0:0:0:0:0:1',NULL,'POST','2022-05-20 09:44:19','67eb71f1091911eab9205c93a27933da',1),('2e02fee703704b8d97bf766362522bf7','/user/login','0:0:0:0:0:0:0:1',NULL,'POST','2022-05-19 09:27:42','67eb71f1091911eab9205c93a27933da',1),('2ef0ca6a581a413f87ee76c40d094aaf','/user/login','0:0:0:0:0:0:0:1',NULL,'GET','2022-05-19 05:57:33',NULL,0),('2f12cda9faa94fd4bc04cda0e5e08d00','/user/list','0:0:0:0:0:0:0:1',NULL,'GET','2022-05-19 07:58:26','ef17c0ca51454679b3c4e17195291da4',1),('2f7b8ae9aa9f464196a2fc7f486e5e5e','/student/list','0:0:0:0:0:0:0:1',NULL,'GET','2022-05-20 08:46:50','67eb71f1091911eab9205c93a27933da',1),('2fe3368933304a60a1fcdf201dd92cbf','/user/list','0:0:0:0:0:0:0:1',NULL,'GET','2022-05-19 08:08:02','67eb71f1091911eab9205c93a27933da',1),('2fe8f62b12744b8c86a09811eb914c1b','/user/login','0:0:0:0:0:0:0:1',NULL,'POST','2022-05-19 09:26:23','67eb71f1091911eab9205c93a27933da',1),('3009266a46ad4df6845d087c3427328d','/user/login','0:0:0:0:0:0:0:1',NULL,'POST','2022-05-19 17:39:44','181338c3068e4e85a7166accd3a16c6f',0),('310f1b106ab54736b58bef0cbfb3cf2d','/user/login','0:0:0:0:0:0:0:1',NULL,'POST','2022-05-19 08:24:55','67eb71f1091911eab9205c93a27933da',1),('312d793bf6904bab8e6cf2ba6e72eb70','/institute/list','0:0:0:0:0:0:0:1',NULL,'GET','2022-05-19 08:36:02','67eb71f1091911eab9205c93a27933da',1),('321082100dbe49bd9c43831d5e55f747','/course/list','0:0:0:0:0:0:0:1',NULL,'GET','2022-05-19 17:25:48','67eb71f1091911eab9205c93a27933da',1),('3262224296e24e129901263b887eda3f','/user/login','0:0:0:0:0:0:0:1',NULL,'POST','2022-05-20 10:28:35',NULL,1),('3280548c22294464b21f9cdf5ee3bd05','/course/list','0:0:0:0:0:0:0:1',NULL,'GET','2022-05-20 07:36:43','67eb71f1091911eab9205c93a27933da',1),('3325fc6d489e425da44ccf2a26564dd4','/user/uploadHander','0:0:0:0:0:0:0:1',NULL,'POST','2022-05-19 15:36:14',NULL,1),('33a2b9cb20124903bf15d4aeb42595d1','/course/center','0:0:0:0:0:0:0:1',NULL,'GET','2022-05-20 08:31:07','181338c3068e4e85a7166accd3a16c6f',1),('3411672b745149c0a6445dd50e336a17','/dict/findListByDictTypeCode','0:0:0:0:0:0:0:1',NULL,'GET','2022-05-19 17:18:48','67eb71f1091911eab9205c93a27933da',1),('345110483ffb4848a36cf866a516c468','/teacher/list','0:0:0:0:0:0:0:1',NULL,'GET','2022-05-19 08:40:23','67eb71f1091911eab9205c93a27933da',1),('3461de3505dd41029a62fea19bd123be','/major/findAllMajor','0:0:0:0:0:0:0:1',NULL,'GET','2022-05-19 17:49:07','67eb71f1091911eab9205c93a27933da',1),('34d43727bb604f6f8c93867439000830','/user/login','0:0:0:0:0:0:0:1',NULL,'POST','2022-05-20 08:39:17','de6f57bc983249e4a6be1f7fa2484616',1),('351cf68803494471b80768ab8709808d','/user/list','0:0:0:0:0:0:0:1',NULL,'GET','2022-05-19 08:12:22','67eb71f1091911eab9205c93a27933da',1),('35ad7743dcbc4d7ab7587f002f1fcd11','/institute/list','0:0:0:0:0:0:0:1',NULL,'GET','2022-05-19 11:13:55','67eb71f1091911eab9205c93a27933da',1),('35f33a1a5ee144f8afd62b29542957db','/student/list','0:0:0:0:0:0:0:1',NULL,'GET','2022-05-19 17:20:55','67eb71f1091911eab9205c93a27933da',1),('36046d38903641929cdea3d6f2fbb60f','/user/login','0:0:0:0:0:0:0:1',NULL,'POST','2022-05-19 10:06:07',NULL,1),('3630f8a3e49146639b489f726f946727','/user/list','0:0:0:0:0:0:0:1',NULL,'GET','2022-05-19 16:48:41','67eb71f1091911eab9205c93a27933da',1),('365fc09bcf0e4f83bed73a1476c028d4','/role/list','0:0:0:0:0:0:0:1',NULL,'GET','2022-05-20 10:33:14','67eb71f1091911eab9205c93a27933da',1),('36becf4ac0794847abba88259dee956a','/user/login','0:0:0:0:0:0:0:1',NULL,'POST','2022-05-19 07:58:18','ef17c0ca51454679b3c4e17195291da4',1),('36d9912feaef4791ba521aede54c327c','/user/export','0:0:0:0:0:0:0:1',NULL,'POST','2022-05-19 17:43:52','67eb71f1091911eab9205c93a27933da',1),('374acba4889f4c4fa462bb4ef28df36d','/teacher/findAllTeacher','0:0:0:0:0:0:0:1',NULL,'GET','2022-05-19 17:26:08','67eb71f1091911eab9205c93a27933da',1),('37c258b1298d4324aa648a136aae9ec7','/sys/findUserReqTotal','0:0:0:0:0:0:0:1',NULL,'GET','2022-05-18 16:25:23','67eb71f1091911eab9205c93a27933da',1),('37de271326af4f34b7e6efbca9afb775','/user/login','0:0:0:0:0:0:0:1',NULL,'POST','2022-05-19 07:58:11','ef17c0ca51454679b3c4e17195291da4',1),('37eeb1c415d14fbd82625806fc6fdee7','/course/list','0:0:0:0:0:0:0:1',NULL,'GET','2022-05-20 06:00:33','67eb71f1091911eab9205c93a27933da',1),('381d5a739aa3422fb140ba587d71c249','/sys/findUserReqTotal','0:0:0:0:0:0:0:1',NULL,'GET','2022-05-20 10:32:33','67eb71f1091911eab9205c93a27933da',1),('382373ba498e45b087f58ea08581cfcf','/user/login','0:0:0:0:0:0:0:1',NULL,'POST','2022-05-19 17:23:17','181338c3068e4e85a7166accd3a16c6f',1),('385c787199dc48cb9e4216414489e17d','/user/login','0:0:0:0:0:0:0:1',NULL,'POST','2022-05-19 08:19:36','67eb71f1091911eab9205c93a27933da',1),('3884a38e52014d9f98929bca96407404','/institute/list','0:0:0:0:0:0:0:1',NULL,'GET','2022-05-19 11:14:59','67eb71f1091911eab9205c93a27933da',1),('38ca193d9cd642f79d08427bb2d0755f','/teacher/list','0:0:0:0:0:0:0:1',NULL,'GET','2022-05-19 17:20:59','67eb71f1091911eab9205c93a27933da',1),('38caee8fdbdf4364903332ce2a1100c4','/user/list','0:0:0:0:0:0:0:1',NULL,'GET','2022-05-19 17:11:09','67eb71f1091911eab9205c93a27933da',1),('38d221c66c7e44cd979342b6b5969278','/dict/findListByDictTypeCode','0:0:0:0:0:0:0:1',NULL,'GET','2022-05-19 17:25:44','67eb71f1091911eab9205c93a27933da',1),('38ed8f915c234bd882061b68dcb9cb59','/user/login','0:0:0:0:0:0:0:1',NULL,'POST','2022-05-19 11:08:55','67eb71f1091911eab9205c93a27933da',1),('38f5ae1c89ba4b96a493702e1090536b','/clazz/list','0:0:0:0:0:0:0:1',NULL,'GET','2022-05-19 17:13:26','67eb71f1091911eab9205c93a27933da',1),('3919ca074ab448d88c881922ce6ef522','/user/login','0:0:0:0:0:0:0:1',NULL,'POST','2022-05-19 08:31:07','67eb71f1091911eab9205c93a27933da',1),('393a99421fb94da49edd1906cdb7d5d4','/role/findAllRoles','0:0:0:0:0:0:0:1',NULL,'GET','2022-05-19 17:44:15','67eb71f1091911eab9205c93a27933da',1),('3994471e9f354c6f90897d95f0b1b16a','/user/list','0:0:0:0:0:0:0:1',NULL,'GET','2022-05-19 11:21:05','67eb71f1091911eab9205c93a27933da',1),('39ce240706ce4f8fb0ff903cf7b1f0a5','/institute/list','0:0:0:0:0:0:0:1',NULL,'GET','2022-05-19 09:25:11','67eb71f1091911eab9205c93a27933da',1),('3a816d97d27345c1916f366c5a7ce56d','/course/choice','0:0:0:0:0:0:0:1',NULL,'GET','2022-05-20 08:31:47','ef17c0ca51454679b3c4e17195291da4',1),('3aca851579c94990beeca726afe64756','/user/login','0:0:0:0:0:0:0:1',NULL,'POST','2022-05-19 17:18:19','67eb71f1091911eab9205c93a27933da',1),('3bf0f4844bc449f9af7e14c336d78ad9','/user/list','0:0:0:0:0:0:0:1',NULL,'GET','2022-05-19 11:08:56','67eb71f1091911eab9205c93a27933da',1),('3c4de6b444ab4a58a441387c341b8a26','/course/list','0:0:0:0:0:0:0:1',NULL,'GET','2022-05-19 17:26:00','67eb71f1091911eab9205c93a27933da',1),('3c7b93bb56a74897b9ba9f3608933120','/user/uploadHander','0:0:0:0:0:0:0:1',NULL,'POST','2022-05-19 16:55:32',NULL,1),('3ce423409eae49c6a9529e4566cc94a9','/teacher/list','0:0:0:0:0:0:0:1',NULL,'GET','2022-05-18 16:25:18','67eb71f1091911eab9205c93a27933da',1),('3ced57245a494f03bb8edf503af641f5','/dict/findListByDictTypeCode','0:0:0:0:0:0:0:1',NULL,'GET','2022-05-20 08:39:20','67eb71f1091911eab9205c93a27933da',1),('3d332053d67e4b139bf5672fc9386439','/major/list','0:0:0:0:0:0:0:1',NULL,'GET','2022-05-19 17:17:34','67eb71f1091911eab9205c93a27933da',1),('3dd3392fd2a34784a84878cbccd09537','/user/login','0:0:0:0:0:0:0:1',NULL,'POST','2022-05-19 11:12:40','67eb71f1091911eab9205c93a27933da',1),('3e35e2786dfb451ba011751f661aaec7','/user/login','0:0:0:0:0:0:0:1',NULL,'POST','2022-05-19 05:59:55','96d6a79f5a294559be39d51a2a94d8ef',1),('3e4f0ec957ad4ffa8a967b330beedced','/clazz/list','0:0:0:0:0:0:0:1',NULL,'GET','2022-05-19 17:45:27','67eb71f1091911eab9205c93a27933da',1),('404990a00ea94c31b9f38b88f3b81b20','/institute/list','0:0:0:0:0:0:0:1',NULL,'GET','2022-05-19 11:21:04','67eb71f1091911eab9205c93a27933da',1),('408818ad5ecd42589365188f0e9f7062','/institute/list','0:0:0:0:0:0:0:1',NULL,'GET','2022-05-19 11:11:29','67eb71f1091911eab9205c93a27933da',1),('4165f7d152a04242a394d68061042d3e','/dict/findListByDictTypeCode','0:0:0:0:0:0:0:1',NULL,'GET','2022-05-20 05:58:53','67eb71f1091911eab9205c93a27933da',1),('42279969496a49cc81b99f7766195422','/user/login','0:0:0:0:0:0:0:1',NULL,'POST','2022-05-19 17:39:53','67eb71f1091911eab9205c93a27933da',1),('42b29bcb3c4b4dcca81ece76d3ca09f0','/student/list','0:0:0:0:0:0:0:1',NULL,'GET','2022-05-18 16:25:12','67eb71f1091911eab9205c93a27933da',1),('43c15185763f43efbedecef7c2d6194a','/user/list','0:0:0:0:0:0:0:1',NULL,'GET','2022-05-19 11:18:14','67eb71f1091911eab9205c93a27933da',1),('462c388ff5594ab590c847a9a7bb1064','/user/login','0:0:0:0:0:0:0:1',NULL,'POST','2022-05-19 08:15:48','67eb71f1091911eab9205c93a27933da',1),('463660c5ccd747fa8481cf40774f986a','/user/login','0:0:0:0:0:0:0:1',NULL,'POST','2022-05-19 08:59:03','032e7ac5fe4d45ff824c7cf125c70d3f',1),('464244fdb5474871a4e1ceef504756d2','/user/login','0:0:0:0:0:0:0:1',NULL,'POST','2022-05-19 09:16:36','67eb71f1091911eab9205c93a27933da',1),('4661a93b08744507877b2dfbc80cbcc9','/course/choice','0:0:0:0:0:0:0:1',NULL,'GET','2022-05-20 08:29:51','ef17c0ca51454679b3c4e17195291da4',1),('469125e90ccd4686b3d0e2188452c282','/user/list','0:0:0:0:0:0:0:1',NULL,'GET','2022-05-19 08:09:06','67eb71f1091911eab9205c93a27933da',1),('477c70b576bf46dd851aa3eb3a3a85c1','/role/list','0:0:0:0:0:0:0:1',NULL,'GET','2022-05-20 07:42:03','67eb71f1091911eab9205c93a27933da',1),('47b68053389942bab52b5a0dbb228931','/user/login','0:0:0:0:0:0:0:1',NULL,'POST','2022-05-18 16:42:03',NULL,1),('47c37967801a44e887df38b9ae35b65b','/teacher/list','0:0:0:0:0:0:0:1',NULL,'GET','2022-05-19 15:45:22','67eb71f1091911eab9205c93a27933da',1),('47e7e5648c0c4907aaa0fc159f169f02','/course/mycourse','0:0:0:0:0:0:0:1',NULL,'GET','2022-05-19 05:59:36','96d6a79f5a294559be39d51a2a94d8ef',0),('48bbc6bd04624d70afb8c6d727184556','/user/login','0:0:0:0:0:0:0:1',NULL,'GET','2022-05-20 09:31:06',NULL,0),('491a03f90cf54a51884b5fb2a921ca24','/teacher/list','0:0:0:0:0:0:0:1',NULL,'GET','2022-05-19 08:40:28','67eb71f1091911eab9205c93a27933da',1),('4967bce5ec114c9993fe47c06ccb2935','/student/add','0:0:0:0:0:0:0:1',NULL,'POST','2022-05-19 06:00:34','67eb71f1091911eab9205c93a27933da',1),('49bc84a1bf1d41acbfae2a0e94d56786','/course/center','0:0:0:0:0:0:0:1',NULL,'GET','2022-05-19 17:23:08','181338c3068e4e85a7166accd3a16c6f',1),('4a03b5a5297c4f949bb61c6fca08467b','/user/login','0:0:0:0:0:0:0:1',NULL,'POST','2022-05-19 07:57:27',NULL,1),('4aecae8121e548d99a427ad93f6228f4','/user/list','0:0:0:0:0:0:0:1',NULL,'GET','2022-05-19 08:06:32','67eb71f1091911eab9205c93a27933da',1),('4afc083f184b45a3bfd180ae4d42fba4','/course/student','0:0:0:0:0:0:0:1',NULL,'POST','2022-05-20 08:32:36','96d6a79f5a294559be39d51a2a94d8ef',1),('4b43878cc4c745738010e5ff9fe23639','/user/login','0:0:0:0:0:0:0:1',NULL,'POST','2022-05-19 07:57:43','67eb71f1091911eab9205c93a27933da',1),('4c628302aa9e4aa9b6d2292eda85475f','/user/login','0:0:0:0:0:0:0:1',NULL,'POST','2022-05-19 05:56:31',NULL,1),('4c6ab7dea3594d938724933b4fda0be8','/dict/findListByDictTypeCode','0:0:0:0:0:0:0:1',NULL,'GET','2022-05-19 06:00:14','67eb71f1091911eab9205c93a27933da',1),('4c6c813a43234642ac77831063883db8','/major/list','0:0:0:0:0:0:0:1',NULL,'GET','2022-05-19 17:45:28','67eb71f1091911eab9205c93a27933da',1),('4ca0a98293a94242923ca70d518143d1','/institute/list','0:0:0:0:0:0:0:1',NULL,'GET','2022-05-20 05:59:04','67eb71f1091911eab9205c93a27933da',1),('4cc23a854ec04e6b8d94091f60a1c0c5','/user/login','0:0:0:0:0:0:0:1',NULL,'POST','2022-05-19 17:03:22','67eb71f1091911eab9205c93a27933da',1),('4ce91b970632419ebf00facc08f33b72','/sys/findUserLoginTotal','0:0:0:0:0:0:0:1',NULL,'GET','2022-05-18 16:42:07','67eb71f1091911eab9205c93a27933da',1),('4d09ebf334c04c428d3eca1c9fd06cbd','/dict/findListByDictTypeCode','0:0:0:0:0:0:0:1',NULL,'GET','2022-05-19 15:31:05','67eb71f1091911eab9205c93a27933da',1),('4d49cd20741246bba3cde8f9b3da85c8','/user/login','0:0:0:0:0:0:0:1',NULL,'POST','2022-05-19 08:03:52','ef17c0ca51454679b3c4e17195291da4',1),('4d5b25057264469eaf8f1c04112b7651','/user/login','0:0:0:0:0:0:0:1',NULL,'POST','2022-05-19 16:36:50','67eb71f1091911eab9205c93a27933da',1),('4d8bfe63863946ff86d489f00f80fb52','/user/list','0:0:0:0:0:0:0:1',NULL,'GET','2022-05-19 08:03:09','ef17c0ca51454679b3c4e17195291da4',1),('4dbb82ded85d4c6cb9dda8076ec8527d','/role/findAllRoles','0:0:0:0:0:0:0:1',NULL,'GET','2022-05-19 17:44:15','67eb71f1091911eab9205c93a27933da',1),('4efcff8074e24f278a5e4337f012e9d2','/user/list','0:0:0:0:0:0:0:1',NULL,'GET','2022-05-19 05:57:04','67eb71f1091911eab9205c93a27933da',1),('4fb714883c4346209906070f359b28e4','/dict/findListByDictTypeCode','0:0:0:0:0:0:0:1',NULL,'GET','2022-05-19 17:49:04','67eb71f1091911eab9205c93a27933da',1),('5047a9bbcc53442aa43e4dd17d37b869','/user/login','0:0:0:0:0:0:0:1',NULL,'POST','2022-05-20 07:36:39',NULL,1),('50b16d68b23b4061962792f65805b59f','/institute/list','0:0:0:0:0:0:0:1',NULL,'GET','2022-05-19 11:18:03','67eb71f1091911eab9205c93a27933da',1),('5103801e39af4c42b99ca1a6dcb16311','/role/list','0:0:0:0:0:0:0:1',NULL,'GET','2022-05-19 17:17:28','67eb71f1091911eab9205c93a27933da',1),('51084c3fcf7641b9b31311adc5a81814','/sys/findUserReqTotal','0:0:0:0:0:0:0:1',NULL,'GET','2022-05-18 14:48:52','67eb71f1091911eab9205c93a27933da',1),('5156032ee6164db98b970438c1db5604','/institute/list','0:0:0:0:0:0:0:1',NULL,'GET','2022-05-19 11:10:46','67eb71f1091911eab9205c93a27933da',1),('51e609e66851416d866084dbc6f9e23c','/user/login','0:0:0:0:0:0:0:1',NULL,'POST','2022-05-18 16:25:07',NULL,1),('52d3b97b8d9d4733b5d05dc5155f923c','/teacher/list','0:0:0:0:0:0:0:1',NULL,'GET','2022-05-19 15:31:04','67eb71f1091911eab9205c93a27933da',1),('5432f66f34e245258aa597bf2481177e','/user/list','0:0:0:0:0:0:0:1',NULL,'GET','2022-05-19 08:03:52','67eb71f1091911eab9205c93a27933da',1),('54711f513c8d411b91b2109c88fb9eb2','/dict/findListByDictTypeCode','0:0:0:0:0:0:0:1',NULL,'GET','2022-05-20 09:39:19','67eb71f1091911eab9205c93a27933da',1),('54a33eb501d044edb38199f99146f2a6','/sys/findUserLoginTotal','0:0:0:0:0:0:0:1',NULL,'GET','2022-05-19 17:15:04','67eb71f1091911eab9205c93a27933da',1),('54b33284408246ad904443b0e64cf39d','/sys/loginLog/list','0:0:0:0:0:0:0:1',NULL,'GET','2022-05-18 14:47:08','67eb71f1091911eab9205c93a27933da',1),('54d6542b94be4f4b9a2c4048c10afe2f','/student/list','0:0:0:0:0:0:0:1',NULL,'GET','2022-05-20 08:39:19','67eb71f1091911eab9205c93a27933da',1),('5542a5fcab4c429786b85934426120ee','/user/login','0:0:0:0:0:0:0:1',NULL,'POST','2022-05-19 11:23:40','67eb71f1091911eab9205c93a27933da',1),('555ec772491a4835820cb4e2c069aba6','/student/add','0:0:0:0:0:0:0:1',NULL,'POST','2022-05-20 08:46:50','67eb71f1091911eab9205c93a27933da',1),('55e6ca498520408e9e14b3d78218b2af','/user/add','0:0:0:0:0:0:0:1',NULL,'POST','2022-05-19 17:45:07','67eb71f1091911eab9205c93a27933da',1),('563005fc31894c40a4423d0de0c30c28','/perms/findBasePermission','0:0:0:0:0:0:0:1',NULL,'GET','2022-05-20 07:42:45','67eb71f1091911eab9205c93a27933da',1),('564aa7b5501e4e279ac93dfe5cb4875a','/dict/list','0:0:0:0:0:0:0:1',NULL,'GET','2022-05-19 17:50:35','67eb71f1091911eab9205c93a27933da',1),('564e733ac9554b5e85b8fdbd52464e0d','/course/list','0:0:0:0:0:0:0:1',NULL,'GET','2022-05-19 17:17:31','67eb71f1091911eab9205c93a27933da',1),('56c836d4be7641bcaf50c55df0b5ffe0','/clazz/list','0:0:0:0:0:0:0:1',NULL,'GET','2022-05-19 17:25:36','67eb71f1091911eab9205c93a27933da',1),('57890ecd8cf24ed586b939a2310963db','/dict/findListByDictTypeCode','0:0:0:0:0:0:0:1',NULL,'GET','2022-05-19 15:31:05','67eb71f1091911eab9205c93a27933da',1),('57e55799e0584f318214c0240365d291','/user/list','0:0:0:0:0:0:0:1',NULL,'GET','2022-05-18 16:42:15','67eb71f1091911eab9205c93a27933da',1),('58308bd8255548b881edbae0a6b1cd23','/course/mycourse','0:0:0:0:0:0:0:1',NULL,'GET','2022-05-20 08:32:37','96d6a79f5a294559be39d51a2a94d8ef',1),('58abe5a02c4e4496aec6bf8aff552afd','/user/login','0:0:0:0:0:0:0:1',NULL,'POST','2022-05-19 05:56:51','67eb71f1091911eab9205c93a27933da',1),('59b444e3b8dc49ada7b4ead81a752a29','/course/student','0:0:0:0:0:0:0:1',NULL,'POST','2022-05-20 08:34:22','de6f57bc983249e4a6be1f7fa2484616',0),('59b4df4158874be0b2f5e33a61f26be9','/course/list','0:0:0:0:0:0:0:1',NULL,'GET','2022-05-18 16:25:19','67eb71f1091911eab9205c93a27933da',1),('5a8933a6cd91475db680c1923957ecd2','/user/login','0:0:0:0:0:0:0:1',NULL,'POST','2022-05-19 11:06:38',NULL,1),('5b956b5e7c9b49baad6545e584efe318','/sys/loginLog/list','0:0:0:0:0:0:0:1',NULL,'GET','2022-05-20 09:53:27','67eb71f1091911eab9205c93a27933da',1),('5c02f2d06a044fec95d476282826336f','/course/list','0:0:0:0:0:0:0:1',NULL,'GET','2022-05-20 09:40:01','67eb71f1091911eab9205c93a27933da',1),('5c6cc07d259f43b78d1e6959fade1b8a','/user/login','0:0:0:0:0:0:0:1',NULL,'POST','2022-05-19 11:19:16','67eb71f1091911eab9205c93a27933da',1),('5d1b297007864a7aaab391d38bbd2e7b','/user/login','0:0:0:0:0:0:0:1',NULL,'POST','2022-05-19 15:55:12',NULL,1),('5d2d92b43a7646cb8059c209f260e255','/user/list','0:0:0:0:0:0:0:1',NULL,'GET','2022-05-20 10:28:59','67eb71f1091911eab9205c93a27933da',1),('5e4bcbba156946f0ac2e6e6a095dcf45','/course/choice','0:0:0:0:0:0:0:1',NULL,'GET','2022-05-20 08:32:31','96d6a79f5a294559be39d51a2a94d8ef',1),('5e51d5c20b194e16ae218b1850ce4a72','/role/findAllRoles','0:0:0:0:0:0:0:1',NULL,'GET','2022-05-19 06:00:02','67eb71f1091911eab9205c93a27933da',1),('5edc4bfde7bd4baaabe9fdcbfde4ee7d','/institute/findAllInstitute','0:0:0:0:0:0:0:1',NULL,'GET','2022-05-20 08:32:46','67eb71f1091911eab9205c93a27933da',1),('5f07e204c3cf4abb87adeea746fd65d1','/dict/list','0:0:0:0:0:0:0:1',NULL,'GET','2022-05-19 17:17:29','67eb71f1091911eab9205c93a27933da',1),('5f3de3e7e2e4474484a20714af1dc719','/user/list','0:0:0:0:0:0:0:1',NULL,'GET','2022-05-19 11:29:18','67eb71f1091911eab9205c93a27933da',1),('5f75360ab29e43dcae6e17a99f98fced','/user/login','0:0:0:0:0:0:0:1',NULL,'POST','2022-05-19 09:22:06','67eb71f1091911eab9205c93a27933da',1),('5f821c52f26d44daad892b0f3bbd2360','/clazz/findAllClazz','0:0:0:0:0:0:0:1',NULL,'GET','2022-05-20 08:39:27','67eb71f1091911eab9205c93a27933da',1),('5fc8974852944da38a4c2c7fd5016756','/user/login','0:0:0:0:0:0:0:1',NULL,'GET','2022-05-20 10:28:11',NULL,0),('60674f35397f42b98d373cadbcbe8e0c','/user/list','0:0:0:0:0:0:0:1',NULL,'GET','2022-05-19 08:20:44','67eb71f1091911eab9205c93a27933da',1),('606f48f0765f47ec82e994ca25bff6f6','/user/login','0:0:0:0:0:0:0:1',NULL,'GET','2022-05-19 11:06:38',NULL,0),('60924cca244740dfa4efc275b154e27c','/sys/loginLog/list','0:0:0:0:0:0:0:1',NULL,'GET','2022-05-18 14:48:44','67eb71f1091911eab9205c93a27933da',1),('60b7ee2553cd476e99451f46ca3e46da','/user/login','0:0:0:0:0:0:0:1',NULL,'POST','2022-05-19 08:20:44','67eb71f1091911eab9205c93a27933da',1),('6109b2b874fa479b94d41c5a14fc4196','/user/login','0:0:0:0:0:0:0:1',NULL,'POST','2022-05-19 16:37:44','67eb71f1091911eab9205c93a27933da',1),('61f04c4ec3954c35a79a5b69c570ca91','/clazz/list','0:0:0:0:0:0:0:1',NULL,'GET','2022-05-19 17:50:31','67eb71f1091911eab9205c93a27933da',1),('6215ff1b7d334bdc87e4db518398e262','/dict/list','0:0:0:0:0:0:0:1',NULL,'GET','2022-05-20 05:58:46','67eb71f1091911eab9205c93a27933da',1),('6219c52a2cf44e35907dc60fccf1d90b','/course/choice','0:0:0:0:0:0:0:1',NULL,'GET','2022-05-20 08:34:16','de6f57bc983249e4a6be1f7fa2484616',1),('6337720736614e98bf3b252c1057a511','/user/login','0:0:0:0:0:0:0:1',NULL,'POST','2022-05-20 08:29:02',NULL,1),('63c68e3721c1472883b6066110095701','/user/login','0:0:0:0:0:0:0:1',NULL,'POST','2022-05-19 08:28:04','67eb71f1091911eab9205c93a27933da',1),('63e1079967f649f5881db9e3a8c693bf','/user/login','0:0:0:0:0:0:0:1',NULL,'POST','2022-05-19 17:24:35','181338c3068e4e85a7166accd3a16c6f',0),('640969212975472b90a841c41c2c90f5','/institute/findAllInstitute','0:0:0:0:0:0:0:1',NULL,'GET','2022-05-19 06:00:08','67eb71f1091911eab9205c93a27933da',1),('640e78e3fb054d78ab0d3e3a961b8dc9','/teacher/findAllTeacher','0:0:0:0:0:0:0:1',NULL,'GET','2022-05-20 06:01:02','67eb71f1091911eab9205c93a27933da',1),('6464910e30fb4475ac8851fcb63987ab','/sys/findUserReqTotal','0:0:0:0:0:0:0:1',NULL,'GET','2022-05-20 07:46:17','67eb71f1091911eab9205c93a27933da',1),('655305a8a5a94cb085888ffd4558efaf','/user/login','0:0:0:0:0:0:0:1',NULL,'POST','2022-05-19 11:25:57',NULL,1),('655413c071524fb1b371352e2e836d8a','/course/delete','0:0:0:0:0:0:0:1',NULL,'POST','2022-05-20 09:39:11','67eb71f1091911eab9205c93a27933da',1),('667d070c30e74b6b9a244d0f6cbb95ce','/course/list','0:0:0:0:0:0:0:1',NULL,'GET','2022-05-19 17:45:32','67eb71f1091911eab9205c93a27933da',1),('6728624555ca4d36b540bc31e5f7a1b4','/major/findAllMajor','0:0:0:0:0:0:0:1',NULL,'GET','2022-05-19 06:00:10','67eb71f1091911eab9205c93a27933da',1),('6757aa72566a4285a5fc82e0b1ba1b82','/dict/list','0:0:0:0:0:0:0:1',NULL,'GET','2022-05-19 17:45:35','67eb71f1091911eab9205c93a27933da',1),('67c9d7c4cac44cfa99f69b3e2e0ab0bc','/dict/findListByDictTypeCode','0:0:0:0:0:0:0:1',NULL,'GET','2022-05-20 05:58:57','67eb71f1091911eab9205c93a27933da',1),('686a4da0f3eb4d85a7d595d86999cab8','/user/list','0:0:0:0:0:0:0:1',NULL,'GET','2022-05-19 17:41:46','67eb71f1091911eab9205c93a27933da',1),('68da603689134eb0ade662b882256f21','/user/login','0:0:0:0:0:0:0:1',NULL,'POST','2022-05-20 08:32:28','032e7ac5fe4d45ff824c7cf125c70d3f',1),('691195c730be497b81421b5956a8736e','/user/list','0:0:0:0:0:0:0:1',NULL,'GET','2022-05-18 16:42:04','67eb71f1091911eab9205c93a27933da',1),('6944ab8e7af74ee3a47cbef465b67b76','/user/list','0:0:0:0:0:0:0:1',NULL,'GET','2022-05-19 08:08:04','67eb71f1091911eab9205c93a27933da',1),('694c3f6880184bc88148e82a796a6a9a','/user/list','0:0:0:0:0:0:0:1',NULL,'GET','2022-05-19 17:45:07','67eb71f1091911eab9205c93a27933da',1),('69ac342286fa439f866a1a94016498e9','/course/student','0:0:0:0:0:0:0:1',NULL,'POST','2022-05-20 08:30:25','ef17c0ca51454679b3c4e17195291da4',1),('69aef3fba7c44dd591c3909f82a29686','/sys/loginLog/list','0:0:0:0:0:0:0:1',NULL,'GET','2022-05-18 14:47:39','67eb71f1091911eab9205c93a27933da',1),('69f1cbf1d4664cc4b384f805699c2c5a','/user/login','0:0:0:0:0:0:0:1',NULL,'POST','2022-05-20 05:58:00',NULL,1),('6ab8f4c5f99e4c94841a4ad48ce98890','/institute/list','0:0:0:0:0:0:0:1',NULL,'GET','2022-05-19 10:16:39','67eb71f1091911eab9205c93a27933da',1),('6c9e8c96944e491fbcfa7d35ce86c6d9','/dict/findListByDictTypeCode','0:0:0:0:0:0:0:1',NULL,'GET','2022-05-19 05:58:58','67eb71f1091911eab9205c93a27933da',1),('6cc688d0e4d3450e90403b946fbc93a4','/user/login','0:0:0:0:0:0:0:1',NULL,'GET','2022-05-19 15:17:13',NULL,0),('6da212e022364d81b54c74465277ad1d','/student/list','0:0:0:0:0:0:0:1',NULL,'GET','2022-05-19 05:58:57','67eb71f1091911eab9205c93a27933da',1),('6de0ee1f9e9f4eeea8e064a1a754cb29','/user/login','0:0:0:0:0:0:0:1',NULL,'POST','2022-05-20 08:31:42','67eb71f1091911eab9205c93a27933da',1),('6e9991a56ad645a385d4dfb912e63e7c','/course/list','0:0:0:0:0:0:0:1',NULL,'GET','2022-05-19 17:26:56','67eb71f1091911eab9205c93a27933da',1),('6ef270a21d7a437d836e32891fae829a','/user/list','0:0:0:0:0:0:0:1',NULL,'GET','2022-05-19 11:17:12','67eb71f1091911eab9205c93a27933da',1),('6f193e2e0e5d4136b268cf4c503ab6ee','/dict/findListByDictTypeCode','0:0:0:0:0:0:0:1',NULL,'GET','2022-05-19 15:34:32','67eb71f1091911eab9205c93a27933da',1),('731fb24e52b446df81c3d619575ffcd0','/course/mycourse','0:0:0:0:0:0:0:1',NULL,'GET','2022-05-19 07:57:46','ef17c0ca51454679b3c4e17195291da4',1),('7350be077527421cac4fe3bc03620142','/dict/findListByDictTypeCode','0:0:0:0:0:0:0:1',NULL,'GET','2022-05-20 06:01:02','67eb71f1091911eab9205c93a27933da',1),('7354d451e7544f118f07ea925a85bae6','/sys/findUserLoginTotal','0:0:0:0:0:0:0:1',NULL,'GET','2022-05-20 09:51:59','67eb71f1091911eab9205c93a27933da',1),('7579b55a22e2437db7ad6e91cc1e9e8b','/user/list','0:0:0:0:0:0:0:1',NULL,'GET','2022-05-19 15:55:16','67eb71f1091911eab9205c93a27933da',1),('75dca3cd21f647f3b00e27c99fa2e5a1','/clazz/findAllClazz','0:0:0:0:0:0:0:1',NULL,'GET','2022-05-19 05:59:04','67eb71f1091911eab9205c93a27933da',1),('76f9ef5e995a4f81a37c46a5bcc4a96d','/sys/operateRecord/list','0:0:0:0:0:0:0:1',NULL,'GET','2022-05-18 16:42:10','67eb71f1091911eab9205c93a27933da',1),('777e3e1f95f84dd1af5eeffc668dea1d','/user/list','0:0:0:0:0:0:0:1',NULL,'GET','2022-05-19 17:01:44','67eb71f1091911eab9205c93a27933da',1),('77b19915094c4a86bf4f6a2d7ee762b0','/student/list','0:0:0:0:0:0:0:1',NULL,'GET','2022-05-19 16:48:43','67eb71f1091911eab9205c93a27933da',1),('77b9cfe46ea14577b3748c287a8f0d40','/course/student','0:0:0:0:0:0:0:1',NULL,'POST','2022-05-20 08:34:22','de6f57bc983249e4a6be1f7fa2484616',1),('78115b901fcf49d7978938ff8a8b6046','/student/list','0:0:0:0:0:0:0:1',NULL,'GET','2022-05-19 11:14:36','67eb71f1091911eab9205c93a27933da',1),('781b2b92a9444af7af7d8c13b273d5fc','/sys/findUserLoginTotal','0:0:0:0:0:0:0:1',NULL,'GET','2022-05-19 17:21:39','67eb71f1091911eab9205c93a27933da',1),('782a4de634664ba886fe472849f8c64d','/perms/list','0:0:0:0:0:0:0:1',NULL,'GET','2022-05-18 16:25:21','67eb71f1091911eab9205c93a27933da',1),('7894ac19c6ae473981b0ca55baa40b18','/user/login','0:0:0:0:0:0:0:1',NULL,'POST','2022-05-19 17:24:35','181338c3068e4e85a7166accd3a16c6f',1),('78a254c5dbe24c9da46f01f85e979031','/user/login','0:0:0:0:0:0:0:1',NULL,'POST','2022-05-19 17:05:18',NULL,1),('78e9bdd11d594a8bbf91ae0fa299eddd','/teacher/findAllTeacher','0:0:0:0:0:0:0:1',NULL,'GET','2022-05-20 09:39:19','67eb71f1091911eab9205c93a27933da',1),('7913277ceb4f40ba9e50a0a2139ac097','/user/login','0:0:0:0:0:0:0:1',NULL,'POST','2022-05-19 05:59:29','67eb71f1091911eab9205c93a27933da',1),('796b7b974b764ba09a311a3b73a16ed9','/institute/list','0:0:0:0:0:0:0:1',NULL,'GET','2022-05-19 11:13:59','67eb71f1091911eab9205c93a27933da',1),('7a6635a65aca4602b3a5ddb854b36932','/user/login','0:0:0:0:0:0:0:1',NULL,'POST','2022-05-19 10:01:34','67eb71f1091911eab9205c93a27933da',1),('7a6840ddc9394ccf95d4c39ce166441e','/course/mycourse','0:0:0:0:0:0:0:1',NULL,'GET','2022-05-20 08:32:30','96d6a79f5a294559be39d51a2a94d8ef',1),('7b2495f2559c4673bf99344cbab67932','/student/list','0:0:0:0:0:0:0:1',NULL,'GET','2022-05-19 17:47:07','67eb71f1091911eab9205c93a27933da',1),('7b6f4e9b1b304694a1d802beb44b290e','/user/login','0:0:0:0:0:0:0:1',NULL,'GET','2022-05-19 15:19:50',NULL,0),('7c01d12cf2f04c4ca0ab22522655f8b6','/user/list','0:0:0:0:0:0:0:1',NULL,'GET','2022-05-18 14:48:40','67eb71f1091911eab9205c93a27933da',1),('7c2cb5783ff547b08071d8ea03e4db74','/user/login','0:0:0:0:0:0:0:1',NULL,'POST','2022-05-19 16:04:11',NULL,1),('7d53cef4c756432ba10f63fb61c46943','/user/login','0:0:0:0:0:0:0:1',NULL,'POST','2022-05-19 17:39:44','181338c3068e4e85a7166accd3a16c6f',1),('7dee299eaf544b0b9e04dd085b4ffd1f','/institute/findAllInstitute','0:0:0:0:0:0:0:1',NULL,'GET','2022-05-19 06:00:14','67eb71f1091911eab9205c93a27933da',1),('7e510976ccf84dc088fc1242a80f8e30','/perms/list','0:0:0:0:0:0:0:1',NULL,'GET','2022-05-19 08:18:50','67eb71f1091911eab9205c93a27933da',1),('7e5d5dc8ecd841288403b1a5718ab298','/institute/list','0:0:0:0:0:0:0:1',NULL,'GET','2022-05-18 16:25:16','67eb71f1091911eab9205c93a27933da',1),('7ead14ef1b8341d99b2d96d5485b7067','/user/list','0:0:0:0:0:0:0:1',NULL,'GET','2022-05-19 08:11:52','67eb71f1091911eab9205c93a27933da',1),('7f1cb1a4f70c46e5b5fac86b80355c46','/course/center','0:0:0:0:0:0:0:1',NULL,'GET','2022-05-19 17:23:10','181338c3068e4e85a7166accd3a16c6f',1),('7fa259c0236143b69821fe044936fb9e','/user/login','0:0:0:0:0:0:0:1',NULL,'POST','2022-05-20 08:32:42','96d6a79f5a294559be39d51a2a94d8ef',1),('8004768ac0bc4bceb73aee65fa109c45','/user/list','0:0:0:0:0:0:0:1',NULL,'GET','2022-05-19 11:18:06','67eb71f1091911eab9205c93a27933da',1),('80703d9944af4c019d7665d06521f36d','/dict/findListByDictTypeCode','0:0:0:0:0:0:0:1',NULL,'GET','2022-05-19 17:25:44','67eb71f1091911eab9205c93a27933da',1),('80b30d441cda4e719994fe88e456cea7','/institute/list','0:0:0:0:0:0:0:1',NULL,'GET','2022-05-19 17:17:33','67eb71f1091911eab9205c93a27933da',1),('81167257cb714e38af153ee03ba43e33','/dict/findListByDictTypeCode','0:0:0:0:0:0:0:1',NULL,'GET','2022-05-20 09:39:26','67eb71f1091911eab9205c93a27933da',1),('81d739fba3fe48b0bb0ec277f26dfcaa','/sys/loginLog/list','0:0:0:0:0:0:0:1',NULL,'GET','2022-05-18 16:42:08','67eb71f1091911eab9205c93a27933da',1),('81d7cc24dbb6465aa7141395d458499a','/sys/findUserLoginTotal','0:0:0:0:0:0:0:1',NULL,'GET','2022-05-20 10:32:33','67eb71f1091911eab9205c93a27933da',1),('826eacbce205462da58f39d5579e8fa3','/course/student','0:0:0:0:0:0:0:1',NULL,'POST','2022-05-19 06:01:04','ef17c0ca51454679b3c4e17195291da4',1),('82ccd7f9cd804f278b0edaf1ac700537','/sys/findUserLoginTotal','0:0:0:0:0:0:0:1',NULL,'GET','2022-05-20 09:45:34','67eb71f1091911eab9205c93a27933da',1),('865c86e45bfa4ac1ad55d3dbff086bb8','/role/findRolesPermisByRole','0:0:0:0:0:0:0:1',NULL,'GET','2022-05-20 07:42:07','67eb71f1091911eab9205c93a27933da',1),('86672cb65aa341378f8a75ea9a0cba6b','/sys/findUserReqTotal','0:0:0:0:0:0:0:1',NULL,'GET','2022-05-20 09:45:34','67eb71f1091911eab9205c93a27933da',1),('86801efc609d447b861ac842e55d4b1c','/user/login','0:0:0:0:0:0:0:1',NULL,'POST','2022-05-19 09:16:33','67eb71f1091911eab9205c93a27933da',1),('86cab96122c942b19fc0c971fe54e244','/course/mycourse','0:0:0:0:0:0:0:1',NULL,'GET','2022-05-20 08:31:44','ef17c0ca51454679b3c4e17195291da4',1),('8701f253c02b4a8f980fe8f37d601703','/user/login','0:0:0:0:0:0:0:1',NULL,'POST','2022-05-19 16:38:53','67eb71f1091911eab9205c93a27933da',1),('878812cd385b4ce988ac84ca8590d490','/sys/findUserReqTotal','0:0:0:0:0:0:0:1',NULL,'GET','2022-05-18 16:42:07','67eb71f1091911eab9205c93a27933da',1),('879b898a08444fec9139b6cd9848a638','/user/list','0:0:0:0:0:0:0:1',NULL,'GET','2022-05-19 08:31:07','67eb71f1091911eab9205c93a27933da',1),('88841d56d0a049d2a1761190d9b484a9','/sys/findUserLoginTotal','0:0:0:0:0:0:0:1',NULL,'GET','2022-05-18 14:48:52','67eb71f1091911eab9205c93a27933da',1),('89461c60883b40fe833e497d99b81650','/user/login','0:0:0:0:0:0:0:1',NULL,'POST','2022-05-19 11:30:56','67eb71f1091911eab9205c93a27933da',1),('89fdaa9e62f840c0bc68b793eb8d9b1e','/user/list','0:0:0:0:0:0:0:1',NULL,'GET','2022-05-19 08:18:54','67eb71f1091911eab9205c93a27933da',1),('8a0dfa31e91e4bc084bc0f39769ba9f0','/user/login','0:0:0:0:0:0:0:1',NULL,'GET','2022-05-19 11:05:16',NULL,0),('8a1b57e10ec14b17ada46409d39db116','/user/list','0:0:0:0:0:0:0:1',NULL,'GET','2022-05-19 05:56:52','032e7ac5fe4d45ff824c7cf125c70d3f',1),('8a5f98eb14c54b4fac698d3a2c1d40d7','/user/list','0:0:0:0:0:0:0:1',NULL,'GET','2022-05-19 07:58:19','ef17c0ca51454679b3c4e17195291da4',1),('8b47c60114f84523b98c94602f08eea8','/course/list','0:0:0:0:0:0:0:1',NULL,'GET','2022-05-20 08:31:25','67eb71f1091911eab9205c93a27933da',1),('8c4df54210eb4e92a1806f44a815c767','/user/login','0:0:0:0:0:0:0:1',NULL,'GET','2022-05-19 15:17:12',NULL,0),('8c5ed4920f154c7bbe156b2e9694ceef','/user/list','0:0:0:0:0:0:0:1',NULL,'GET','2022-05-19 05:59:55','67eb71f1091911eab9205c93a27933da',1),('8ca22bffb83647e8901f7a5e0559ee6a','/user/list','0:0:0:0:0:0:0:1',NULL,'GET','2022-05-19 07:57:44','ef17c0ca51454679b3c4e17195291da4',1),('8da6c141a56f49c7a041f66a14ccfd25','/user/login','0:0:0:0:0:0:0:1',NULL,'POST','2022-05-19 17:24:51','181338c3068e4e85a7166accd3a16c6f',0),('8dacc9c4b6ce4bbdb55b14d8562ce1b5','/user/list','0:0:0:0:0:0:0:1',NULL,'GET','2022-05-19 11:14:38','67eb71f1091911eab9205c93a27933da',1),('8dad80c6ec7c48a198170632a5765d07','/institute/list','0:0:0:0:0:0:0:1',NULL,'GET','2022-05-19 17:45:30','67eb71f1091911eab9205c93a27933da',1),('8e53ec8f5bbf46438db9787e6480f503','/user/list','0:0:0:0:0:0:0:1',NULL,'GET','2022-05-19 08:06:38','67eb71f1091911eab9205c93a27933da',1),('8eae934142fc40b0b331e3e436cfe75f','/user/list','0:0:0:0:0:0:0:1',NULL,'GET','2022-05-19 05:58:54','67eb71f1091911eab9205c93a27933da',1),('8f755ff8270948d7b3e9c437bf021e64','/user/login','0:0:0:0:0:0:0:1',NULL,'POST','2022-05-19 05:58:54','67eb71f1091911eab9205c93a27933da',1),('8f91e67842b24c96ae9a5a3fd25bcf77','/institute/list','0:0:0:0:0:0:0:1',NULL,'GET','2022-05-20 05:59:41','67eb71f1091911eab9205c93a27933da',1),('8f953710a6ec4ee5969caf120ad1aea9','/user/list','0:0:0:0:0:0:0:1',NULL,'GET','2022-05-18 14:47:04','67eb71f1091911eab9205c93a27933da',1),('8fb93cab7e044457a5928ba6f1a22022','/user/list','0:0:0:0:0:0:0:1',NULL,'GET','2022-05-19 16:54:57','67eb71f1091911eab9205c93a27933da',1),('90526f7c9051409d8a8578141e410c5a','/user/login','0:0:0:0:0:0:0:1',NULL,'GET','2022-05-20 07:18:50',NULL,0),('90c1e33583034581942dac4b28c542b6','/perms/list','0:0:0:0:0:0:0:1',NULL,'GET','2022-05-19 17:17:28','67eb71f1091911eab9205c93a27933da',1),('90cc17ef0c6c4cc6bc700c2fcaf2cf7a','/user/login','0:0:0:0:0:0:0:1',NULL,'GET','2022-05-19 11:05:15',NULL,0),('90fcaafffb0d4b0bb4ca566d55797b56','/user/login','0:0:0:0:0:0:0:1',NULL,'POST','2022-05-19 09:37:44','67eb71f1091911eab9205c93a27933da',1),('914610c2399442c08883877ac0e9e6b3','/user/list','0:0:0:0:0:0:0:1',NULL,'GET','2022-05-19 08:09:42','67eb71f1091911eab9205c93a27933da',1),('916d1b67c6fe447abc5259ca0fe25129','/sys/findUserLoginTotal','0:0:0:0:0:0:0:1',NULL,'GET','2022-05-19 17:21:04','67eb71f1091911eab9205c93a27933da',1),('91958c82e69547c8ae373dc929d20a2a','/user/login','0:0:0:0:0:0:0:1',NULL,'POST','2022-05-19 08:57:06','67eb71f1091911eab9205c93a27933da',1),('932b2035e47046299476bdb63fc1c33f','/institute/list','0:0:0:0:0:0:0:1',NULL,'GET','2022-05-19 10:05:42','67eb71f1091911eab9205c93a27933da',1),('9381a193e9ac4d93b50823ae5d79525f','/course/list','0:0:0:0:0:0:0:1',NULL,'GET','2022-05-20 09:44:19','67eb71f1091911eab9205c93a27933da',1),('93c6210b7ee74094b512a1808721336f','/user/login','0:0:0:0:0:0:0:1',NULL,'POST','2022-05-19 09:41:20','67eb71f1091911eab9205c93a27933da',1),('93f3ab10647c42929edfb06f9243dd46','/sys/loginLog/list','0:0:0:0:0:0:0:1',NULL,'GET','2022-05-20 07:47:11','67eb71f1091911eab9205c93a27933da',1),('93f4f08d7bc14d99a474ad6dbe07894b','/user/login','0:0:0:0:0:0:0:1',NULL,'POST','2022-05-19 15:18:23',NULL,1),('94067bcd101e49e396688ea260677093','/teacher/findAllTeacher','0:0:0:0:0:0:0:1',NULL,'GET','2022-05-20 09:39:26','67eb71f1091911eab9205c93a27933da',1),('9458612513124c7fb7d83d9ac4af8bfd','/user/login','0:0:0:0:0:0:0:1',NULL,'POST','2022-05-19 05:57:04','032e7ac5fe4d45ff824c7cf125c70d3f',1),('94e8ff11d4414b25abb61b2cba50f36e','/user/login','0:0:0:0:0:0:0:1',NULL,'POST','2022-05-19 17:23:21','181338c3068e4e85a7166accd3a16c6f',0),('959b0a29faf045669c54a8a7f94f0806','/user/login','0:0:0:0:0:0:0:1',NULL,'POST','2022-05-20 05:58:00',NULL,0),('97ae55b411e3480599330a3f44399ad4','/user/list','0:0:0:0:0:0:0:1',NULL,'GET','2022-05-19 15:52:44','67eb71f1091911eab9205c93a27933da',1),('97f7a1f3a0de48368be6c4db8ccefed5','/user/login','0:0:0:0:0:0:0:1',NULL,'POST','2022-05-19 16:42:46','67eb71f1091911eab9205c93a27933da',1),('993885ca579f4981afb8624d86e727b6','/clazz/list','0:0:0:0:0:0:0:1',NULL,'GET','2022-05-20 05:58:38','67eb71f1091911eab9205c93a27933da',1),('998e00b3f9534faab77ab00169f571f7','/user/list','0:0:0:0:0:0:0:1',NULL,'GET','2022-05-19 11:13:56','67eb71f1091911eab9205c93a27933da',1),('9a6abcd0c5a441789bc40048efe4720d','/teacher/list','0:0:0:0:0:0:0:1',NULL,'GET','2022-05-19 08:40:08','67eb71f1091911eab9205c93a27933da',1),('9ab8e705bbc74b42bc7c16c482d5e261','/user/uploadHander','0:0:0:0:0:0:0:1',NULL,'POST','2022-05-19 17:10:22',NULL,1),('9acbda9598f04e39a82ba9e0ee275c82','/institute/add','0:0:0:0:0:0:0:1',NULL,'POST','2022-05-20 05:59:41','67eb71f1091911eab9205c93a27933da',1),('9ae40b7d66944ce68ea4dd6d932d3662','/user/login','0:0:0:0:0:0:0:1',NULL,'POST','2022-05-19 16:54:52',NULL,1),('9b67023308a94cf1988b7c503da3e70e','/user/login','0:0:0:0:0:0:0:1',NULL,'POST','2022-05-20 08:31:19','181338c3068e4e85a7166accd3a16c6f',1),('9b8c9d9759d34cb496b25a304e8ab08b','/role/list','0:0:0:0:0:0:0:1',NULL,'GET','2022-05-19 08:16:59','67eb71f1091911eab9205c93a27933da',1),('9bc22f59e59847059137e705307beb58','/user/login','0:0:0:0:0:0:0:1',NULL,'POST','2022-05-19 16:42:57','67eb71f1091911eab9205c93a27933da',1),('9c100ffda5664183b95ae0789f1f14c6','/user/export','0:0:0:0:0:0:0:1',NULL,'GET','2022-05-19 17:43:38','67eb71f1091911eab9205c93a27933da',1),('9d696ec32161405d87526910a0a04131','/role/list','0:0:0:0:0:0:0:1',NULL,'GET','2022-05-19 08:18:52','67eb71f1091911eab9205c93a27933da',1),('9d72f2574aa1433e880129c2e4d44ba0','/role/findAllRoles','0:0:0:0:0:0:0:1',NULL,'GET','2022-05-19 06:00:02','67eb71f1091911eab9205c93a27933da',1),('9dbad19b96da4840a12c266893d36c55','/user/login','0:0:0:0:0:0:0:1',NULL,'POST','2022-05-19 09:22:02','67eb71f1091911eab9205c93a27933da',1),('9e8d55b1d5c94ab8ad502f676a6b7864','/course/student','0:0:0:0:0:0:0:1',NULL,'POST','2022-05-19 05:59:41','96d6a79f5a294559be39d51a2a94d8ef',1),('9ed4a732b69f4d7aae576a486063ec23','/institute/list','0:0:0:0:0:0:0:1',NULL,'GET','2022-05-19 11:19:14','67eb71f1091911eab9205c93a27933da',1),('9f6afdff4b584e58b38d4728a58752a3','/sys/operateRecord/list','0:0:0:0:0:0:0:1',NULL,'GET','2022-05-18 14:48:30','67eb71f1091911eab9205c93a27933da',1),('a03f34edb93b42359eecdeb289950308','/user/list','0:0:0:0:0:0:0:1',NULL,'GET','2022-05-19 08:18:16','67eb71f1091911eab9205c93a27933da',1),('a0c0046cd0644cc6a8a220f8962730a4','/user/login','0:0:0:0:0:0:0:1',NULL,'POST','2022-05-19 16:16:41','67eb71f1091911eab9205c93a27933da',1),('a1514bb915274e04879ce446ae82e1f7','/user/list','0:0:0:0:0:0:0:1',NULL,'GET','2022-05-19 08:19:11','67eb71f1091911eab9205c93a27933da',1),('a285ac2c0f9d49c0bef6eb95f2646b1b','/user/list','0:0:0:0:0:0:0:1',NULL,'GET','2022-05-19 11:20:11','67eb71f1091911eab9205c93a27933da',1),('a40f2af97ec94ff9aa2cbfa3e05e6837','/teacher/list','0:0:0:0:0:0:0:1',NULL,'GET','2022-05-19 09:07:41','67eb71f1091911eab9205c93a27933da',1),('a438c7c6f091465599cecf9ad641f824','/major/list','0:0:0:0:0:0:0:1',NULL,'GET','2022-05-20 05:58:43','67eb71f1091911eab9205c93a27933da',1),('a4c37b180f0c44b2a7b95ede6e26a08b','/dict/list','0:0:0:0:0:0:0:1',NULL,'GET','2022-05-20 07:36:45','67eb71f1091911eab9205c93a27933da',1),('a509d2a50bde45bd945ed4a56802f403','/user/login','0:0:0:0:0:0:0:1',NULL,'POST','2022-05-19 10:16:56','67eb71f1091911eab9205c93a27933da',1),('a51c1826d648467e91fefc43689378f5','/user/login','0:0:0:0:0:0:0:1',NULL,'POST','2022-05-19 05:56:47','67eb71f1091911eab9205c93a27933da',1),('a57ef4e845de435d9d3f6d7a443ebe25','/teacher/list','0:0:0:0:0:0:0:1',NULL,'GET','2022-05-19 17:22:53','67eb71f1091911eab9205c93a27933da',1),('a5e50966b7774f3ebd06c8675e55a3cc','/clazz/list','0:0:0:0:0:0:0:1',NULL,'GET','2022-05-19 16:48:45','67eb71f1091911eab9205c93a27933da',1),('a5fd4577af17407392af00832a90356e','/dict/findListByDictTypeCode','0:0:0:0:0:0:0:1',NULL,'GET','2022-05-20 05:58:53','67eb71f1091911eab9205c93a27933da',1),('a6c266d067db47e7985fea3f06f2c1e7','/student/list','0:0:0:0:0:0:0:1',NULL,'GET','2022-05-19 11:10:47','67eb71f1091911eab9205c93a27933da',1),('a85adc90b1634bf3b100c80c9c35955e','/course/list','0:0:0:0:0:0:0:1',NULL,'GET','2022-05-20 09:38:57','67eb71f1091911eab9205c93a27933da',1),('a926384fd8b44f199d15890df3fe2e47','/user/login','0:0:0:0:0:0:0:1',NULL,'POST','2022-05-18 14:47:03','67eb71f1091911eab9205c93a27933da',1),('a9a2a767ed254c43af02ff34b6c8503d','/user/login','0:0:0:0:0:0:0:1',NULL,'POST','2022-05-20 05:57:58',NULL,0),('abc5046cd1324732aa5ba41e433a89b5','/user/list','0:0:0:0:0:0:0:1',NULL,'GET','2022-05-19 08:09:13','67eb71f1091911eab9205c93a27933da',1),('acd5a11c8b5c4df3bb0448ac536fb39c','/perms/findBasePermission','0:0:0:0:0:0:0:1',NULL,'GET','2022-05-20 07:42:07','67eb71f1091911eab9205c93a27933da',1),('ace98f460f1f4253aec6e0cda36042fb','/dict/findListByDictTypeCode','0:0:0:0:0:0:0:1',NULL,'GET','2022-05-19 06:00:08','67eb71f1091911eab9205c93a27933da',1),('ad314951a28d4fb8886cff89bc018565','/teacher/list','0:0:0:0:0:0:0:1',NULL,'GET','2022-05-19 15:51:03','67eb71f1091911eab9205c93a27933da',1),('ad5aafcdc98b44c3afd4466df965e789','/student/list','0:0:0:0:0:0:0:1',NULL,'GET','2022-05-20 08:32:44','67eb71f1091911eab9205c93a27933da',1),('ae10b7bc111048e5ae9473f71176e07f','/user/login','0:0:0:0:0:0:0:1',NULL,'POST','2022-05-19 17:25:06','181338c3068e4e85a7166accd3a16c6f',1),('ae7bc181036f4375a654238ca629d5ec','/course/mycourse','0:0:0:0:0:0:0:1',NULL,'GET','2022-05-19 06:01:04','ef17c0ca51454679b3c4e17195291da4',0),('ae9372efa3ec4b7d926753fbd6e05502','/user/login','0:0:0:0:0:0:0:1',NULL,'POST','2022-05-20 05:57:57',NULL,1),('af041c3a1d81480ba893b210bc138be7','/student/list','0:0:0:0:0:0:0:1',NULL,'GET','2022-05-19 08:21:04','67eb71f1091911eab9205c93a27933da',1),('af16271702ef48c0a5345373dda343be','/user/list','0:0:0:0:0:0:0:1',NULL,'GET','2022-05-19 16:43:00','67eb71f1091911eab9205c93a27933da',1),('af938bd7d07d46819b45a82cb3745deb','/course/student','0:0:0:0:0:0:0:1',NULL,'POST','2022-05-19 07:57:49','ef17c0ca51454679b3c4e17195291da4',1),('afa477502d5a4677b7fcde90e66b38cc','/student/list','0:0:0:0:0:0:0:1',NULL,'GET','2022-05-20 08:33:05','67eb71f1091911eab9205c93a27933da',1),('afefe32f5cb34f7884fdde55fddfbe99','/perms/list','0:0:0:0:0:0:0:1',NULL,'GET','2022-05-19 17:21:01','67eb71f1091911eab9205c93a27933da',1),('b05be967e7e44bbb805b0f6ebc3026f1','/user/login','0:0:0:0:0:0:0:1',NULL,'POST','2022-05-19 06:00:58','67eb71f1091911eab9205c93a27933da',1),('b0aadc0495734f7fa505ffa1a15ae034','/user/login','0:0:0:0:0:0:0:1',NULL,'POST','2022-05-19 17:23:21','181338c3068e4e85a7166accd3a16c6f',1),('b140ea98550f486f906d3c41bd199413','/sys/findUserReqTotal','0:0:0:0:0:0:0:1',NULL,'GET','2022-05-20 09:51:59','67eb71f1091911eab9205c93a27933da',1),('b147bb599ff94f0d9ffbcdc6a6376d75','/user/list','0:0:0:0:0:0:0:1',NULL,'GET','2022-05-19 08:18:04','67eb71f1091911eab9205c93a27933da',1),('b1c7c35fdc7e49ab826be50a90b52c70','/course/list','0:0:0:0:0:0:0:1',NULL,'GET','2022-05-20 09:32:30','67eb71f1091911eab9205c93a27933da',1),('b1d59c11cf5845d2ac968573a19183d9','/user/login','0:0:0:0:0:0:0:1',NULL,'GET','2022-05-19 15:22:45',NULL,0),('b1edd0a09718434b8d60bec8b2c27227','/teacher/list','0:0:0:0:0:0:0:1',NULL,'GET','2022-05-19 15:50:59','67eb71f1091911eab9205c93a27933da',1),('b20f81fff28d434590b6c9e2f15495f8','/user/login','0:0:0:0:0:0:0:1',NULL,'POST','2022-05-19 08:14:11','67eb71f1091911eab9205c93a27933da',1),('b2c0cb4305064dd385d9569025b9db83','/user/list','0:0:0:0:0:0:0:1',NULL,'GET','2022-05-19 11:18:04','67eb71f1091911eab9205c93a27933da',1),('b46dd9c44b354d2aa52bda9ab45ec0d8','/institute/findAllInstitute','0:0:0:0:0:0:0:1',NULL,'GET','2022-05-20 10:33:17','67eb71f1091911eab9205c93a27933da',1),('b51be41eefc54d5d8126c52a1b32b52e','/user/login','0:0:0:0:0:0:0:1',NULL,'POST','2022-05-19 08:11:51','67eb71f1091911eab9205c93a27933da',1),('b5618d87b95045e2868d79c22116dcd4','/user/login','0:0:0:0:0:0:0:1',NULL,'POST','2022-05-18 14:48:40','67eb71f1091911eab9205c93a27933da',1),('b5853b2032d747fa8e5c6d7b5d88514a','/user/login','0:0:0:0:0:0:0:1',NULL,'POST','2022-05-19 08:26:02','67eb71f1091911eab9205c93a27933da',1),('b5a9a73f646843f1b5222ae4e32ca78b','/major/findAllMajor','0:0:0:0:0:0:0:1',NULL,'GET','2022-05-20 08:39:25','67eb71f1091911eab9205c93a27933da',1),('b607ce69bb2140bcae65f79ab41f1d22','/major/findAllMajor','0:0:0:0:0:0:0:1',NULL,'GET','2022-05-19 06:00:11','67eb71f1091911eab9205c93a27933da',1),('b6d814219b1943b19cb76b1926849e01','/user/list','0:0:0:0:0:0:0:1',NULL,'GET','2022-05-19 08:13:04','67eb71f1091911eab9205c93a27933da',1),('b798b87fc5a843c48b56cf133851789f','/teacher/list','0:0:0:0:0:0:0:1',NULL,'GET','2022-05-19 08:37:11','67eb71f1091911eab9205c93a27933da',1),('b85e6a3f19bb40c09866cd41e857eb30','/teacher/list','0:0:0:0:0:0:0:1',NULL,'GET','2022-05-19 08:36:49','67eb71f1091911eab9205c93a27933da',1),('b8969aff686c4f6ebd39900814b3da78','/institute/list','0:0:0:0:0:0:0:1',NULL,'GET','2022-05-19 11:16:23','67eb71f1091911eab9205c93a27933da',1),('b968e6d56ffd4a81953a9f2d6e795783','/course/delete','0:0:0:0:0:0:0:1',NULL,'POST','2022-05-20 09:39:15','67eb71f1091911eab9205c93a27933da',1),('ba147a824c074f0ebe1ba2be786daecb','/student/list','0:0:0:0:0:0:0:1',NULL,'GET','2022-05-19 15:31:00','67eb71f1091911eab9205c93a27933da',1),('baff3848a9194cd99fe82b80e84fcbaa','/user/login','0:0:0:0:0:0:0:1',NULL,'POST','2022-05-19 09:36:16','67eb71f1091911eab9205c93a27933da',1),('bb23bc691d3b494f92cddde4f3b25508','/user/list','0:0:0:0:0:0:0:1',NULL,'GET','2022-05-19 08:12:29','67eb71f1091911eab9205c93a27933da',1),('bb2ba70a8d224b32a047b85ac6175831','/course/mycourse','0:0:0:0:0:0:0:1',NULL,'GET','2022-05-19 06:01:02','ef17c0ca51454679b3c4e17195291da4',1),('bb4969adc14c4c1eb63ac634e87ef993','/user/list','0:0:0:0:0:0:0:1',NULL,'GET','2022-05-19 08:17:31','67eb71f1091911eab9205c93a27933da',1),('bb8553941ff84a489323e9ee411fd10e','/clazz/findAllClazz','0:0:0:0:0:0:0:1',NULL,'GET','2022-05-19 17:49:09','67eb71f1091911eab9205c93a27933da',1),('bbbf60518dd142568d4888f60eea2eae','/student/list','0:0:0:0:0:0:0:1',NULL,'GET','2022-05-19 17:13:23','67eb71f1091911eab9205c93a27933da',1),('bca5325e6ebc4a1e998645b89c27bd13','/dict/list','0:0:0:0:0:0:0:1',NULL,'GET','2022-05-18 16:25:20','67eb71f1091911eab9205c93a27933da',1),('be76db38e05f4b3fb7a3bf48b7955a96','/teacher/list','0:0:0:0:0:0:0:1',NULL,'GET','2022-05-19 08:36:44','67eb71f1091911eab9205c93a27933da',1),('bebc40f6977c4e849070475fe32cbac3','/user/list','0:0:0:0:0:0:0:1',NULL,'GET','2022-05-19 07:58:25','ef17c0ca51454679b3c4e17195291da4',1),('bed78d2b05ba40f9959ff5927b82edcb','/user/list','0:0:0:0:0:0:0:1',NULL,'GET','2022-05-19 17:14:35','67eb71f1091911eab9205c93a27933da',1),('bf29171de56c40c380002a6654bc876c','/user/login','0:0:0:0:0:0:0:1',NULL,'POST','2022-05-19 09:26:27','67eb71f1091911eab9205c93a27933da',1),('c1af1de65a8b4e27a24abd70eef9037f','/institute/findAllInstitute','0:0:0:0:0:0:0:1',NULL,'GET','2022-05-19 05:58:58','67eb71f1091911eab9205c93a27933da',1),('c1d2916259d14a21b667c078ae8c0451','/course/mycourse','0:0:0:0:0:0:0:1',NULL,'GET','2022-05-19 06:01:04','ef17c0ca51454679b3c4e17195291da4',1),('c1deafb69fd447a5b8fd355a40c90d74','/perms/list','0:0:0:0:0:0:0:1',NULL,'GET','2022-05-19 08:17:00','67eb71f1091911eab9205c93a27933da',1),('c2a03abab10e488b811d3084b5cd8547','/user/login','0:0:0:0:0:0:0:1',NULL,'POST','2022-05-19 09:25:29','67eb71f1091911eab9205c93a27933da',1),('c2db88a7f0af48f6b47fc4a97c1d3a4c','/course/student','0:0:0:0:0:0:0:1',NULL,'POST','2022-05-19 05:59:40','96d6a79f5a294559be39d51a2a94d8ef',1),('c2fc64a1f08544a7bc18264e61ab9467','/user/list','0:0:0:0:0:0:0:1',NULL,'GET','2022-05-19 08:23:38','67eb71f1091911eab9205c93a27933da',1),('c31c5c4fb6eb4d26b4e2f47028202e9e','/user/list','0:0:0:0:0:0:0:1',NULL,'GET','2022-05-19 08:15:56','67eb71f1091911eab9205c93a27933da',1),('c39fc4bb4c1d4c16a1cfdf95a3f3a409','/student/list','0:0:0:0:0:0:0:1',NULL,'GET','2022-05-19 05:59:17','67eb71f1091911eab9205c93a27933da',1),('c4e10f8717f84d3dbe2cce72c71f5cc8','/major/list','0:0:0:0:0:0:0:1',NULL,'GET','2022-05-18 16:25:15','67eb71f1091911eab9205c93a27933da',1),('c53de626e7894fc194ca6d29882b2883','/user/login','0:0:0:0:0:0:0:1',NULL,'POST','2022-05-20 09:31:57',NULL,1),('c561e89cf0684fd1b91d1df79ae9e914','/sys/findUserLoginTotal','0:0:0:0:0:0:0:1',NULL,'GET','2022-05-18 14:48:42','67eb71f1091911eab9205c93a27933da',1),('c59b36c2ae0443b08529ad44b65c56c5','/sys/loginLog/list','0:0:0:0:0:0:0:1',NULL,'GET','2022-05-18 16:25:25','67eb71f1091911eab9205c93a27933da',1),('c7b362ed4eb742dcad9234091a276d0d','/user/login','0:0:0:0:0:0:0:1',NULL,'POST','2022-05-19 09:31:06','67eb71f1091911eab9205c93a27933da',1),('c8534ec521bc4368be1a12b8b4443cdd','/student/list','0:0:0:0:0:0:0:1',NULL,'GET','2022-05-19 17:45:24','67eb71f1091911eab9205c93a27933da',1),('c86402094fe844e9be242bbbde724924','/user/list','0:0:0:0:0:0:0:1',NULL,'GET','2022-05-19 17:18:30','67eb71f1091911eab9205c93a27933da',1),('c8b05d4bcd0c49eeba27a9b79a7b3dee','/user/login','0:0:0:0:0:0:0:1',NULL,'GET','2022-05-19 05:57:32',NULL,0),('c95c82b44864449cb67cda159c4cba5b','/user/status','0:0:0:0:0:0:0:1',NULL,'POST','2022-05-19 07:58:26','ef17c0ca51454679b3c4e17195291da4',1),('c97b4d2189f844c7afc1a024b8314f5d','/user/login','0:0:0:0:0:0:0:1',NULL,'POST','2022-05-19 17:25:12',NULL,1),('ca2a73a3e4ab4916bed47e3165326871','/user/list','0:0:0:0:0:0:0:1',NULL,'GET','2022-05-19 11:11:27','67eb71f1091911eab9205c93a27933da',1),('cb892740a38d43c291d1896cb556ee85','/teacher/list','0:0:0:0:0:0:0:1',NULL,'GET','2022-05-19 17:17:32','67eb71f1091911eab9205c93a27933da',1),('cc012539f3e042d39e9354889c86a8f1','/user/login','0:0:0:0:0:0:0:1',NULL,'POST','2022-05-20 08:31:04','ef17c0ca51454679b3c4e17195291da4',1),('ccc43373ee634db0b86d120dd0fdadbf','/institute/list','0:0:0:0:0:0:0:1',NULL,'GET','2022-05-19 11:08:50','67eb71f1091911eab9205c93a27933da',1),('cdf4eaf6eeed480985f2d5cbc639f380','/sys/findUserReqTotal','0:0:0:0:0:0:0:1',NULL,'GET','2022-05-18 14:48:35','67eb71f1091911eab9205c93a27933da',1),('cdfe15e8e5c14c3c885ea2310b3619b3','/course/student','0:0:0:0:0:0:0:1',NULL,'POST','2022-05-20 08:34:29','de6f57bc983249e4a6be1f7fa2484616',1),('ce52ab07c44946faa37bc865a8e9a2e2','/user/login','0:0:0:0:0:0:0:1',NULL,'POST','2022-05-19 11:11:25','67eb71f1091911eab9205c93a27933da',1),('cf26b8a3ef8c43048bee1537af240833','/teacher/list','0:0:0:0:0:0:0:1',NULL,'GET','2022-05-19 08:37:07','67eb71f1091911eab9205c93a27933da',1),('cff5fa5b1d594683972fe61f3a0c954a','/user/uploadHander','0:0:0:0:0:0:0:1',NULL,'POST','2022-05-19 17:09:24',NULL,1),('d014af035a194cf98d8475713b20c8ca','/sys/loginLog/list','0:0:0:0:0:0:0:1',NULL,'GET','2022-05-19 17:21:05','67eb71f1091911eab9205c93a27933da',1),('d0535f082bf84719a9fd65db962d643a','/user/login','0:0:0:0:0:0:0:1',NULL,'POST','2022-05-19 17:23:30','181338c3068e4e85a7166accd3a16c6f',0),('d1aad8ec23c345eca935fd80cb26a9ba','/sys/findUserLoginTotal','0:0:0:0:0:0:0:1',NULL,'GET','2022-05-18 16:25:23','67eb71f1091911eab9205c93a27933da',1),('d1e17cffa6924b47bc0fe05e6c0cc4c1','/teacher/add','0:0:0:0:0:0:0:1',NULL,'POST','2022-05-19 17:19:09','67eb71f1091911eab9205c93a27933da',1),('d31f2041280f48d7af9b35abe43530a2','/user/login','0:0:0:0:0:0:0:1',NULL,'POST','2022-05-20 08:32:04','ef17c0ca51454679b3c4e17195291da4',1),('d39e47bda1bf43f1b0cef2e4a791cc2f','/user/list','0:0:0:0:0:0:0:1',NULL,'GET','2022-05-19 08:03:19','ef17c0ca51454679b3c4e17195291da4',1),('d41404334766418fa2f1585494d64e16','/sys/operateRecord/list','0:0:0:0:0:0:0:1',NULL,'GET','2022-05-18 16:25:26','67eb71f1091911eab9205c93a27933da',1),('d414e685cfb74012965af70fd2cf66f9','/course/list','0:0:0:0:0:0:0:1',NULL,'GET','2022-05-20 05:58:48','67eb71f1091911eab9205c93a27933da',1),('d4b35a7b0c704e24b021ce71170eac64','/user/uploadHander','0:0:0:0:0:0:0:1',NULL,'POST','2022-05-19 17:10:11',NULL,1),('d4c610a9116042e8b5c4a916261174d4','/major/list','0:0:0:0:0:0:0:1',NULL,'GET','2022-05-19 17:50:33','67eb71f1091911eab9205c93a27933da',1),('d5093952f1e443678a851b4b8ed03cb6','/student/list','0:0:0:0:0:0:0:1',NULL,'GET','2022-05-19 08:23:56','67eb71f1091911eab9205c93a27933da',1),('d525ffc93bdd4374bd9f1f0426c4e7e6','/role/list','0:0:0:0:0:0:0:1',NULL,'GET','2022-05-18 14:48:54','67eb71f1091911eab9205c93a27933da',1),('d5415358e31d4faaacd1e5481bea9752','/institute/findAllInstitute','0:0:0:0:0:0:0:1',NULL,'GET','2022-05-20 08:39:20','67eb71f1091911eab9205c93a27933da',1),('d607ff15b69248a08f78884c528ceb74','/teacher/list','0:0:0:0:0:0:0:1',NULL,'GET','2022-05-20 07:36:42','67eb71f1091911eab9205c93a27933da',1),('d66bcae45ddf4ccea2061c5cd9b2db3d','/user/login','0:0:0:0:0:0:0:1',NULL,'GET','2022-05-19 05:57:40',NULL,0),('d6cc2d006427444a84dd91d58fbb20d0','/student/list','0:0:0:0:0:0:0:1',NULL,'GET','2022-05-19 05:56:49','67eb71f1091911eab9205c93a27933da',1),('d7b6470d739a42d08266828137b734a5','/institute/list','0:0:0:0:0:0:0:1',NULL,'GET','2022-05-19 11:13:57','67eb71f1091911eab9205c93a27933da',1),('d8190f0c43c940c9ac846d75b3f9d8f8','/course/mycourse','0:0:0:0:0:0:0:1',NULL,'GET','2022-05-20 08:31:49','ef17c0ca51454679b3c4e17195291da4',1),('d94fff4bb1614e8395c03ae971337bad','/sys/loginLog/list','0:0:0:0:0:0:0:1',NULL,'GET','2022-05-18 14:48:33','67eb71f1091911eab9205c93a27933da',1),('d99185e1d1744a8389f313229aa1b89a','/user/login','0:0:0:0:0:0:0:1',NULL,'POST','2022-05-19 16:12:03','67eb71f1091911eab9205c93a27933da',1),('da116f0ddf174bc3958fbe35025c899e','/teacher/list','0:0:0:0:0:0:0:1',NULL,'GET','2022-05-20 05:58:53','67eb71f1091911eab9205c93a27933da',1),('da3f5391c258483db49bc2a01596744a','/student/add','0:0:0:0:0:0:0:1',NULL,'POST','2022-05-19 05:59:17','67eb71f1091911eab9205c93a27933da',1),('da7d20ee70ec4b4c856a0898d70cb80c','/user/login','0:0:0:0:0:0:0:1',NULL,'GET','2022-05-19 15:17:13',NULL,0),('dab3ead45c1e4fccb77b52e0cae460ff','/student/list','0:0:0:0:0:0:0:1',NULL,'GET','2022-05-19 15:55:18','67eb71f1091911eab9205c93a27933da',1),('dad215c611ff427d91f357ccef330dcc','/user/login','0:0:0:0:0:0:0:1',NULL,'POST','2022-05-19 17:39:42','181338c3068e4e85a7166accd3a16c6f',1),('db0389edf3f24d5bb800b8ce4f44e33e','/course/add','0:0:0:0:0:0:0:1',NULL,'POST','2022-05-20 09:40:01','67eb71f1091911eab9205c93a27933da',1),('dba8ca57b0704fa9aec687f0fbfc394d','/student/list','0:0:0:0:0:0:0:1',NULL,'GET','2022-05-19 11:10:48','67eb71f1091911eab9205c93a27933da',1),('dbf09ca8701d4aaeafd67ae3c42589a2','/institute/list','0:0:0:0:0:0:0:1',NULL,'GET','2022-05-19 11:17:10','67eb71f1091911eab9205c93a27933da',1),('dce2e6494094463790386d18bd9b89e4','/user/uploadHander','0:0:0:0:0:0:0:1',NULL,'POST','2022-05-19 17:09:28',NULL,1),('dd99e1857e894cc6b2529adc6c91f898','/course/student','0:0:0:0:0:0:0:1',NULL,'POST','2022-05-19 05:59:40','96d6a79f5a294559be39d51a2a94d8ef',0),('dec61d6aa7d84654a3f2a27659e5c369','/user/login','0:0:0:0:0:0:0:1',NULL,'POST','2022-05-19 17:23:30','181338c3068e4e85a7166accd3a16c6f',1),('dedd743d056547a99a2665774e3ed364','/user/list','0:0:0:0:0:0:0:1',NULL,'GET','2022-05-19 08:04:51','67eb71f1091911eab9205c93a27933da',1),('df6149fb7a504c24bfb4c515a606e8b9','/teacher/findAllTeacher','0:0:0:0:0:0:0:1',NULL,'GET','2022-05-20 06:00:34','67eb71f1091911eab9205c93a27933da',1),('df7cf7c7bca14ed9b8170a38caae081c','/user/login','0:0:0:0:0:0:0:1',NULL,'POST','2022-05-19 08:58:55','67eb71f1091911eab9205c93a27933da',1),('e0229283dd8d4224addf4b08d84bb68f','/user/login','0:0:0:0:0:0:0:1',NULL,'GET','2022-05-20 10:28:12',NULL,0),('e102b9bad4f74a1aa8408d2a220cbde7','/user/login','0:0:0:0:0:0:0:1',NULL,'POST','2022-05-20 09:51:57','67eb71f1091911eab9205c93a27933da',1),('e12d29474a6742428ab003e15bac2629','/teacher/list','0:0:0:0:0:0:0:1',NULL,'GET','2022-05-20 08:31:23','67eb71f1091911eab9205c93a27933da',1),('e134dcbbd26d4e0886518bb9b54cac6c','/course/choice','0:0:0:0:0:0:0:1',NULL,'GET','2022-05-19 06:01:03','ef17c0ca51454679b3c4e17195291da4',1),('e1475c0b297d4e469579c9d1dbb772f7','/user/login','0:0:0:0:0:0:0:1',NULL,'POST','2022-05-19 17:25:17','67eb71f1091911eab9205c93a27933da',1),('e16ac65ca15e4378b64b58a6a122b3e1','/user/login','0:0:0:0:0:0:0:1',NULL,'POST','2022-05-20 08:34:09','67eb71f1091911eab9205c93a27933da',1),('e1ea3ca1fa504741a4cf9a3744f97aae','/student/list','0:0:0:0:0:0:0:1',NULL,'GET','2022-05-19 11:09:00','67eb71f1091911eab9205c93a27933da',1),('e218f4d4815d464d88426090d7f321b2','/user/login','0:0:0:0:0:0:0:1',NULL,'POST','2022-05-19 07:58:11','ef17c0ca51454679b3c4e17195291da4',0),('e2b2513f50d7487bb6a30f82ed6e9ce3','/sys/loginLog/list','0:0:0:0:0:0:0:1',NULL,'GET','2022-05-18 14:48:53','67eb71f1091911eab9205c93a27933da',1),('e3311b5ab1a54764bf309ddc414ee23b','/course/choice','0:0:0:0:0:0:0:1',NULL,'GET','2022-05-19 05:59:33','96d6a79f5a294559be39d51a2a94d8ef',1),('e3bd2723272a47e6a7c873d81b673495','/course/add','0:0:0:0:0:0:0:1',NULL,'POST','2022-05-19 17:26:56','67eb71f1091911eab9205c93a27933da',1),('e3c882da27134d15a639a8a1a2343161','/course/mycourse','0:0:0:0:0:0:0:1',NULL,'GET','2022-05-19 05:56:54','032e7ac5fe4d45ff824c7cf125c70d3f',1),('e3fcdb0e82af4346af77e996f9b5df85','/user/login','0:0:0:0:0:0:0:1',NULL,'GET','2022-05-19 15:19:50',NULL,0),('e402b901e6da4688a6adb023875a48d6','/user/login','0:0:0:0:0:0:0:1',NULL,'GET','2022-05-19 05:57:33',NULL,0),('e50655d2efd040d0bada1c0e1b4057ca','/user/login','0:0:0:0:0:0:0:1',NULL,'POST','2022-05-20 05:58:12',NULL,1),('e58733ccafcf4d868e073d7c4bf783a1','/course/choice','0:0:0:0:0:0:0:1',NULL,'GET','2022-05-19 05:56:55','032e7ac5fe4d45ff824c7cf125c70d3f',1),('e5f678a3400542f59047f12e476c5f5b','/user/login','0:0:0:0:0:0:0:1',NULL,'POST','2022-05-19 09:21:59','67eb71f1091911eab9205c93a27933da',1),('e65eceff452c47eca9995ce6d0c31862','/role/list','0:0:0:0:0:0:0:1',NULL,'GET','2022-05-19 17:21:00','67eb71f1091911eab9205c93a27933da',1),('e672f3ea3a9c4431b1ae9298f3fbdf5a','/user/login','0:0:0:0:0:0:0:1',NULL,'POST','2022-05-20 08:29:08',NULL,1),('e9da36f8370b45f4b9b79b022bc36db3','/user/login','0:0:0:0:0:0:0:1',NULL,'POST','2022-05-20 08:29:03',NULL,0),('eaeb41cf087b486fb7a1ea4e7e630134','/course/student','0:0:0:0:0:0:0:1',NULL,'POST','2022-05-19 05:59:45','96d6a79f5a294559be39d51a2a94d8ef',1),('ebfa873abc694b95913030738d6ad126','/dict/findListByDictTypeCode','0:0:0:0:0:0:0:1',NULL,'GET','2022-05-19 17:18:48','67eb71f1091911eab9205c93a27933da',1),('ec399aa9d1e042619596a55ebbf2efb8','/user/login','0:0:0:0:0:0:0:1',NULL,'POST','2022-05-19 08:10:53','67eb71f1091911eab9205c93a27933da',1),('ec7003285b684692a9e7f468a380321d','/major/findAllMajor','0:0:0:0:0:0:0:1',NULL,'GET','2022-05-20 08:32:48','67eb71f1091911eab9205c93a27933da',1),('eda4d427b6e745debb5eb64562bd5912','/institute/list','0:0:0:0:0:0:0:1',NULL,'GET','2022-05-19 11:09:16','67eb71f1091911eab9205c93a27933da',1),('ee2d4ca3c1a243a083719d68557b40f3','/user/login','0:0:0:0:0:0:0:1',NULL,'POST','2022-05-19 16:04:37','67eb71f1091911eab9205c93a27933da',1),('ef767fad2e94415ab6e95d5c03dbb9e8','/teacher/list','0:0:0:0:0:0:0:1',NULL,'GET','2022-05-19 09:10:00','67eb71f1091911eab9205c93a27933da',1),('f12c645b4d6e467491112be7a7487fb6','/course/choice','0:0:0:0:0:0:0:1',NULL,'GET','2022-05-19 07:57:46','ef17c0ca51454679b3c4e17195291da4',1),('f147473deb1b40af973c3d1b2e681c30','/user/login','0:0:0:0:0:0:0:1',NULL,'POST','2022-05-19 17:23:35','181338c3068e4e85a7166accd3a16c6f',1),('f26fd950d9154b709b68b259522bca56','/grade/viewStudent','0:0:0:0:0:0:0:1',NULL,'GET','2022-05-20 08:31:10','181338c3068e4e85a7166accd3a16c6f',1),('f34c9886939f4e92831029e3047840a6','/dict/findListByDictTypeCode','0:0:0:0:0:0:0:1',NULL,'GET','2022-05-19 17:26:08','67eb71f1091911eab9205c93a27933da',1),('f3ad1fa1c92e40cba783d82baaddc6f2','/major/findAllMajor','0:0:0:0:0:0:0:1',NULL,'GET','2022-05-19 05:58:59','67eb71f1091911eab9205c93a27933da',1),('f555453e9bd44a9e93fd7b2c390145e0','/institute/list','0:0:0:0:0:0:0:1',NULL,'GET','2022-05-19 11:18:13','67eb71f1091911eab9205c93a27933da',1),('f57ef13fd4b54a1a918940d7c4c52994','/user/login','0:0:0:0:0:0:0:1',NULL,'POST','2022-05-19 09:30:23','67eb71f1091911eab9205c93a27933da',1),('f5d00a8492e24f008609f57c3ad3adf9','/course/mycourse','0:0:0:0:0:0:0:1',NULL,'GET','2022-05-19 05:59:32','96d6a79f5a294559be39d51a2a94d8ef',1),('f5e9e61e7b864cf58dbd2b34e9866d7a','/student/add','0:0:0:0:0:0:0:1',NULL,'POST','2022-05-20 08:33:05','67eb71f1091911eab9205c93a27933da',1),('f6635786ec9742ea9a8febef36e2899d','/user/login','0:0:0:0:0:0:0:1',NULL,'POST','2022-05-19 17:23:05','67eb71f1091911eab9205c93a27933da',1),('f6a2e1fc3bde4f3f89da04493274bf29','/user/login','0:0:0:0:0:0:0:1',NULL,'GET','2022-05-19 15:19:45',NULL,0),('f6f1abeff2e84f89817cf5e087134e90','/course/delete','0:0:0:0:0:0:0:1',NULL,'POST','2022-05-20 09:38:56','67eb71f1091911eab9205c93a27933da',1),('f7bb71d371044c3d98afaff6ebb9f210','/sys/findUserLoginTotal','0:0:0:0:0:0:0:1',NULL,'GET','2022-05-20 07:46:17','67eb71f1091911eab9205c93a27933da',1),('f7bfa137cfd146bf9ef1900853a02697','/student/list','0:0:0:0:0:0:0:1',NULL,'GET','2022-05-20 10:33:16','67eb71f1091911eab9205c93a27933da',1),('f877d67905f04c6bb1aeba728fdbbb67','/student/list','0:0:0:0:0:0:0:1',NULL,'GET','2022-05-19 06:00:34','67eb71f1091911eab9205c93a27933da',1),('f99548de271e4868a222987d73bc0184','/user/list','0:0:0:0:0:0:0:1',NULL,'GET','2022-05-19 11:16:24','67eb71f1091911eab9205c93a27933da',1),('f9cd0c0c928348328d993bcf82d0e3d1','/teacher/list','0:0:0:0:0:0:0:1',NULL,'GET','2022-05-19 17:19:09','67eb71f1091911eab9205c93a27933da',1),('f9e8f4d8cdff499e8eb12e53e16718cc','/user/list','0:0:0:0:0:0:0:1',NULL,'GET','2022-05-19 08:13:10','67eb71f1091911eab9205c93a27933da',1),('fa7332d9c6d743d5a06b00194894de74','/user/login','0:0:0:0:0:0:0:1',NULL,'GET','2022-05-20 07:19:20',NULL,0),('fb2072cf95304bfb91d7554b5425b83c','/institute/list','0:0:0:0:0:0:0:1',NULL,'GET','2022-05-19 11:18:10','67eb71f1091911eab9205c93a27933da',1),('fbe5a6fd4fef4287857867d69b799586','/sys/operateRecord/list','0:0:0:0:0:0:0:1',NULL,'GET','2022-05-18 14:48:46','67eb71f1091911eab9205c93a27933da',1),('fcfa3786f4e547648fdc273b008db4ec','/sys/loginLog/list','0:0:0:0:0:0:0:1',NULL,'GET','2022-05-18 14:48:36','67eb71f1091911eab9205c93a27933da',1),('fd27ee6b856744009f0022d5cd4e9095','/course/student','0:0:0:0:0:0:0:1',NULL,'POST','2022-05-19 05:59:36','96d6a79f5a294559be39d51a2a94d8ef',1),('feac90d666234ed3b9d46e3c57af492b','/user/login','0:0:0:0:0:0:0:1',NULL,'POST','2022-05-19 16:16:22','67eb71f1091911eab9205c93a27933da',1),('ff35b4cec9eb47568c4082e14a00879c','/course/mycourse','0:0:0:0:0:0:0:1',NULL,'GET','2022-05-19 05:59:45','96d6a79f5a294559be39d51a2a94d8ef',1),('ff711acaff8f4c4186a07a15338ef91f','/user/login','0:0:0:0:0:0:0:1',NULL,'POST','2022-05-19 11:17:36','67eb71f1091911eab9205c93a27933da',1),('ff88db743c35456aa10ced0a06627cd7','/user/list','0:0:0:0:0:0:0:1',NULL,'GET','2022-05-19 11:30:05','67eb71f1091911eab9205c93a27933da',1),('fff925cb79234561a32d28997a25fa74','/sys/findUserReqTotal','0:0:0:0:0:0:0:1',NULL,'GET','2022-05-19 17:21:04','67eb71f1091911eab9205c93a27933da',1);

/*Table structure for table `t_perms` */

DROP TABLE IF EXISTS `t_perms`;

CREATE TABLE `t_perms` (
  `id` varchar(32) NOT NULL COMMENT '主键id',
  `name` varchar(10) NOT NULL COMMENT '权限名称',
  `url` varchar(255) NOT NULL COMMENT '权限路径',
  `type` int NOT NULL COMMENT '权限类型',
  `parent_id` varchar(32) DEFAULT NULL COMMENT '父权限id',
  `sort` int DEFAULT NULL COMMENT '排序号',
  PRIMARY KEY (`id`)
) ENGINE=InnoDB DEFAULT CHARSET=utf8mb4 COLLATE=utf8mb4_0900_ai_ci;

/*Data for the table `t_perms` */

insert  into `t_perms`(`id`,`name`,`url`,`type`,`parent_id`,`sort`) values ('05bb23b6092311eab9205c93a27933da','修改老师','/teacher/update',3,'a38c0dd5092211eab9205c93a27933da',59),('0881bbf9091b11eab9205c93a27933da','数据字典','/',1,'0',18),('08f07ff0093611eaabbd5c93a27933da','新增字典','/dict/add',3,'d6e1b7c1093511eaabbd5c93a27933da',67),('09e01079093711eaabbd5c93a27933da','删除角色','/role/delete',3,'680742f1093611eaabbd5c93a27933da',74),('0a5855f9092211eab9205c93a27933da','成绩列表','/grade/list',2,'cc8c06b0091b11eab9205c93a27933da',50),('0a8dc6d5092011eab9205c93a27933da','删除班级','/clazz/delete',3,'95261a58091f11eab9205c93a27933da',35),('106970c4091c11eab9205c93a27933da','课程管理','/',1,'0',17),('1126ce20092111eab9205c93a27933da','学院列表','/institute/list',2,'aff61364091b11eab9205c93a27933da',44),('139595391c1b11ea83aa5c93a27933da','统计登录','/sys/findUserLoginTotal',3,'acea8c541c1a11ea83aa5c93a27933da',85),('13df1129091a11eab9205c93a27933da','用户管理','/',1,'0',10),('1ad9f642091b11eab9205c93a27933da','权限管理','/',1,'0',19),('1c8ee72c092311eab9205c93a27933da','课程列表','/course/list',2,'106970c4091c11eab9205c93a27933da',60),('1ea2d9c2093611eaabbd5c93a27933da','删除字典','/dict/delete',3,'d6e1b7c1093511eaabbd5c93a27933da',68),('20e2403a093711eaabbd5c93a27933da','修改角色','/role/update',3,'680742f1093611eaabbd5c93a27933da',75),('23f4adac091e11eab9205c93a27933da','修改用户状态','/user/status',3,'5a9d92b7091d11eab9205c93a27933da',26),('2a40ca0e092011eab9205c93a27933da','修改班级','/clazz/update',3,'95261a58091f11eab9205c93a27933da',36),('2a8d713f0f9911ea99ba5c93a27933da','个人中心','/',1,'0',85),('2fe8c0af092211eab9205c93a27933da','查询成绩','/grade/list',3,'0a5855f9092211eab9205c93a27933da',51),('314753b3092111eab9205c93a27933da','查询学院','/institute/list',3,'1126ce20092111eab9205c93a27933da',45),('324fb6ee092311eab9205c93a27933da','查询课程','/course/list',3,'1c8ee72c092311eab9205c93a27933da',61),('33758e410f9b11ea99ba5c93a27933da','选课','/course/student',3,'4a4808370f9911ea99ba5c93a27933da',90),('356cb6a6093711eaabbd5c93a27933da','为角色赋予权限','/role/perms',3,'680742f1093611eaabbd5c93a27933da',76),('36fd4e99093611eaabbd5c93a27933da','修改字典','/dict/update',3,'d6e1b7c1093511eaabbd5c93a27933da',69),('3dfc9c48091b11eab9205c93a27933da','系统管理','/',1,'0',20),('43c818ae1c1b11ea83aa5c93a27933da','统计请求','/sys/findUserReqTotal',3,'acea8c541c1a11ea83aa5c93a27933da',86),('43f0d8d0092011eab9205c93a27933da','管理班级学生','/clazz/student',3,'95261a58091f11eab9205c93a27933da',37),('46d58979092311eab9205c93a27933da','新增课程','/course/add',3,'1c8ee72c092311eab9205c93a27933da',62),('47faa744092211eab9205c93a27933da','新增成绩','/grade/add',3,'0a5855f9092211eab9205c93a27933da',52),('4a4808370f9911ea99ba5c93a27933da','我的课程','/course/mycourse',2,'2a8d713f0f9911ea99ba5c93a27933da',86),('4af67cfe092111eab9205c93a27933da','新增学院','/institute/add',3,'1126ce20092111eab9205c93a27933da',46),('55024eb9105011eab30e5c93a27933da','未选课程','/course/choice',3,'4a4808370f9911ea99ba5c93a27933da',93),('5897fe38093711eaabbd5c93a27933da','查询权限','/perms/list',3,'8988d3f1093611eaabbd5c93a27933da',77),('5a9d92b7091d11eab9205c93a27933da','用户列表','/user/list',2,'13df1129091a11eab9205c93a27933da',21),('5b6fb596092311eab9205c93a27933da','删除课程','/course/delete',3,'1c8ee72c092311eab9205c93a27933da',63),('5ec1d332091e11eab9205c93a27933da','学生列表','/student/list',2,'62c45854091b11eab9205c93a27933da',27),('60059b5f092111eab9205c93a27933da','删除学院','/institute/delete',3,'1126ce20092111eab9205c93a27933da',47),('6235890f092211eab9205c93a27933da','删除成绩','/grade/delete',3,'0a5855f9092211eab9205c93a27933da',53),('62c45854091b11eab9205c93a27933da','学生管理','/',1,'0',11),('680742f1093611eaabbd5c93a27933da','角色列表','/role/list',2,'1ad9f642091b11eab9205c93a27933da',70),('6ebaf9080f9b11ea99ba5c93a27933da','打分','/grade/update',3,'ecaed7bf0f9911ea99ba5c93a27933da',91),('71254f21092311eab9205c93a27933da','修改课程','/course/update',3,'1c8ee72c092311eab9205c93a27933da',64),('747e17c7092111eab9205c93a27933da','修改学院','/institute/update',3,'1126ce20092111eab9205c93a27933da',48),('7cd5fc614fd811eaa4985c93a27933da','考试管理','/paper',2,'f75c6e824fd711eaa4985c93a27933da',91),('7db7ea01093711eaabbd5c93a27933da','新增权限','/perms/add',3,'8988d3f1093611eaabbd5c93a27933da',78),('8195dc47092211eab9205c93a27933da','修改成绩','/grade/update',3,'0a5855f9092211eab9205c93a27933da',54),('820efa55091d11eab9205c93a27933da','查询用户列表','/user/list',3,'5a9d92b7091d11eab9205c93a27933da',22),('823190dd091e11eab9205c93a27933da','查询学生列表','/student/list',3,'5ec1d332091e11eab9205c93a27933da',28),('826e1aa2091b11eab9205c93a27933da','班级管理','/',1,'0',12),('83d1cb50092011eab9205c93a27933da','专业列表','/major/list',2,'95ccc408091b11eab9205c93a27933da',38),('87258518104811eab30e5c93a27933da','成绩新增','/grade/add',3,'c617be7e0f9a11ea99ba5c93a27933da',90),('8988d3f1093611eaabbd5c93a27933da','菜单列表','/perms/list',2,'1ad9f642091b11eab9205c93a27933da',71),('8a941710092111eab9205c93a27933da','管理专业','/institute/major',3,'1126ce20092111eab9205c93a27933da',49),('92138d58093711eaabbd5c93a27933da','删除权限','/perms/delete',3,'8988d3f1093611eaabbd5c93a27933da',79),('95261a58091f11eab9205c93a27933da','班级列表','/clazz/list',2,'826e1aa2091b11eab9205c93a27933da',32),('95ccc408091b11eab9205c93a27933da','专业管理','/',1,'0',13),('9a86ebce112b11ea8c055c93a27933da','查看课程学生','/grade/viewStudent',3,'ecaed7bf0f9911ea99ba5c93a27933da',92),('9c03b751092011eab9205c93a27933da','查询专业','/major/list',3,'83d1cb50092011eab9205c93a27933da',39),('a015d1c9093811eaabbd5c93a27933da','登录日志','/sys/loginLog',2,'3dfc9c48091b11eab9205c93a27933da',81),('a38c0dd5092211eab9205c93a27933da','老师列表','/teacher/list',2,'ff7cc273091b11eab9205c93a27933da',55),('a53b3939093711eaabbd5c93a27933da','编辑权限','/perms/update',3,'8988d3f1093611eaabbd5c93a27933da',80),('acea8c541c1a11ea83aa5c93a27933da','统计分析','/sys/statistics',2,'3dfc9c48091b11eab9205c93a27933da',84),('af5f93ba091e11eab9205c93a27933da','增加学生','/student/add',3,'5ec1d332091e11eab9205c93a27933da',29),('aff61364091b11eab9205c93a27933da','学院管理','/',1,'0',14),('b3d419f8092011eab9205c93a27933da','新增专业','/major/add',3,'83d1cb50092011eab9205c93a27933da',40),('ba31aeb4091d11eab9205c93a27933da','增加用户','/user/add',3,'5a9d92b7091d11eab9205c93a27933da',23),('bb51fcb3104811eab30e5c93a27933da','成绩删除','/grade/delete',3,'c617be7e0f9a11ea99ba5c93a27933da',91),('be422d69093811eaabbd5c93a27933da','查询登录日志','/loginLog/list',3,'a015d1c9093811eaabbd5c93a27933da',82),('be4b7030092211eab9205c93a27933da','查询老师','/teacher/list',3,'a38c0dd5092211eab9205c93a27933da',56),('c6bdac03091e11eab9205c93a27933da','删除学生','/student/delete',3,'5ec1d332091e11eab9205c93a27933da',30),('ca116b67092011eab9205c93a27933da','删除专业','/major/delete',3,'83d1cb50092011eab9205c93a27933da',41),('cc8c06b0091b11eab9205c93a27933da','成绩管理','/',1,'0',15),('d3c27e01104811eab30e5c93a27933da','成绩修改','/grade/update',3,'c617be7e0f9a11ea99ba5c93a27933da',92),('d513e734091f11eab9205c93a27933da','查询班级','/clazz/list',3,'95261a58091f11eab9205c93a27933da',33),('d54cce0a093811eaabbd5c93a27933da','操作记录','/sys/operateRecord',2,'3dfc9c48091b11eab9205c93a27933da',83),('d6e1b7c1093511eaabbd5c93a27933da','字典列表','/dict/list',2,'0881bbf9091b11eab9205c93a27933da',65),('d7fce144091d11eab9205c93a27933da','删除用户','/user/delete',3,'5a9d92b7091d11eab9205c93a27933da',24),('d9d9ab35092211eab9205c93a27933da','新增老师','/teacher/add',3,'a38c0dd5092211eab9205c93a27933da',57),('dce14c10093611eaabbd5c93a27933da','查询角色','/role/list',3,'680742f1093611eaabbd5c93a27933da',72),('df671ea6091e11eab9205c93a27933da','修改学生','/student/update',3,'5ec1d332091e11eab9205c93a27933da',31),('e0d97a6b092011eab9205c93a27933da','修改专业','/major/update',3,'83d1cb50092011eab9205c93a27933da',42),('ecaed7bf0f9911ea99ba5c93a27933da','课程中心','/course/center',2,'2a8d713f0f9911ea99ba5c93a27933da',88),('edf5aafd093811eaabbd5c93a27933da','查询操作记录','/operateRecord/list',3,'d54cce0a093811eaabbd5c93a27933da',84),('ef4b5bcd092211eab9205c93a27933da','删除老师','/teacher/delete',3,'a38c0dd5092211eab9205c93a27933da',58),('f04cef41091f11eab9205c93a27933da','新增班级','/clazz/add',3,'95261a58091f11eab9205c93a27933da',34),('f0a12818093511eaabbd5c93a27933da','查询字典','/dict/list',3,'d6e1b7c1093511eaabbd5c93a27933da',66),('f5e9849a093611eaabbd5c93a27933da','新增角色','/role/add',3,'680742f1093611eaabbd5c93a27933da',73),('f803420d092011eab9205c93a27933da','管理班级','/major/clazz',3,'83d1cb50092011eab9205c93a27933da',43),('fc2eb41a091d11eab9205c93a27933da','修改用户','/user/update',3,'5a9d92b7091d11eab9205c93a27933da',25),('ff7cc273091b11eab9205c93a27933da','老师管理','/',1,'0',16);

/*Table structure for table `t_role` */

DROP TABLE IF EXISTS `t_role`;

CREATE TABLE `t_role` (
  `id` varchar(32) NOT NULL COMMENT '主键id',
  `name` varchar(10) NOT NULL COMMENT '角色名称',
  `role_desc` varchar(255) DEFAULT NULL COMMENT '角色描述',
  PRIMARY KEY (`id`)
) ENGINE=InnoDB DEFAULT CHARSET=utf8mb4 COLLATE=utf8mb4_0900_ai_ci;

/*Data for the table `t_role` */

insert  into `t_role`(`id`,`name`,`role_desc`) values ('1','管理员','拥有所有权限'),('2','老师','拥有部分权限'),('3','学生','拥有部分权限'),('a4ea24e68fc342c2a52286702061a022','测试角色','测试角色描述');

/*Table structure for table `t_role_perms` */

DROP TABLE IF EXISTS `t_role_perms`;

CREATE TABLE `t_role_perms` (
  `id` varchar(32) NOT NULL COMMENT '主键id',
  `role_id` varchar(32) NOT NULL COMMENT '角色id',
  `perms_id` varchar(32) NOT NULL COMMENT '权限id',
  PRIMARY KEY (`id`)
) ENGINE=InnoDB DEFAULT CHARSET=utf8mb4 COLLATE=utf8mb4_0900_ai_ci;

/*Data for the table `t_role_perms` */

insert  into `t_role_perms`(`id`,`role_id`,`perms_id`) values ('0e09751982ff4cd38c100d6edf8fa20b','fb48455615e4408096340003109af746','13df1129091a11eab9205c93a27933da'),('1af5a327b0d648b8a694b4e09bb28943','2','2a8d713f0f9911ea99ba5c93a27933da'),('1dc1c077f340472b8aaa5b6ec4f37755','2','ecaed7bf0f9911ea99ba5c93a27933da'),('1dd6b2a4cde340ef98acab0dc4d6f114','2','c617be7e0f9a11ea99ba5c93a27933da'),('1ec624dc994043c380aa13bdecd2a621','a4ea24e68fc342c2a52286702061a022','13df1129091a11eab9205c93a27933da'),('1f2eb483392c4886847c565f6d4e0ce0','fb48455615e4408096340003109af746','ba31aeb4091d11eab9205c93a27933da'),('1f7e296abfc94283801ca50f44ba7355','2','6ebaf9080f9b11ea99ba5c93a27933da'),('22b876ad05044c338b0405be78b8033c','fb48455615e4408096340003109af746','09e01079093711eaabbd5c93a27933da'),('255cb1ee7f8445c3941e75c7c3ed4043','3','4a4808370f9911ea99ba5c93a27933da'),('267027df13ce42acaf41126bb36e03a9','2','87258518104811eab30e5c93a27933da'),('2bf660667b2248289ddf98f41f31c858','2','bb51fcb3104811eab30e5c93a27933da'),('2f99955e30034363a08c6a5d3f148429','fb48455615e4408096340003109af746','820efa55091d11eab9205c93a27933da'),('331c5ada85ba4760b82f10efb0bfc568','2','d3c27e01104811eab30e5c93a27933da'),('3b16e33e70444a219438beb9bbe65735','3','d3c27e01104811eab30e5c93a27933da'),('4003825a4f35491ba98b9272321a5982','fb48455615e4408096340003109af746','20e2403a093711eaabbd5c93a27933da'),('418b8b4f4fd911eaa4985c93a27933da','1','f75c6e824fd711eaa4985c93a27933da'),('4e320edfb92a4427b0634cc601f8f1cc','a4ea24e68fc342c2a52286702061a022','ba31aeb4091d11eab9205c93a27933da'),('4e74d8dfb13d4bdf936382a88306ce65','3','c617be7e0f9a11ea99ba5c93a27933da'),('50a2d8f74fd911eaa4985c93a27933da','1','7cd5fc614fd811eaa4985c93a27933da'),('53aae978704345f9a88ca12e8b671944','3','7dadb39f4fd711eaa4985c93a27933da'),('5afb7d638d724766a6519b4f275b2766','fb48455615e4408096340003109af746','d7fce144091d11eab9205c93a27933da'),('5ce01e2151894c358478bdf75ed27bb9','fb48455615e4408096340003109af746','f5e9849a093611eaabbd5c93a27933da'),('6372b7044fd911eaa4985c93a27933da','1','afa5548c4fd811eaa4985c93a27933da'),('63c160689df34abbafbd75297f3d01eb','3','23f4adac091e11eab9205c93a27933da'),('66fc57540b3b41da83319f9e2c7440ff','3','6ebaf9080f9b11ea99ba5c93a27933da'),('70b7d0291c1b11ea83aa5c93a27933da','1','acea8c541c1a11ea83aa5c93a27933da'),('71d8582d986d4a91be402b734292dc98','fb48455615e4408096340003109af746','fc2eb41a091d11eab9205c93a27933da'),('7247331eebc54c03b684206626eb1f0c','3','bb51fcb3104811eab30e5c93a27933da'),('763551a5937549a4843225d8e76e7c18','fb48455615e4408096340003109af746','a53b3939093711eaabbd5c93a27933da'),('7919f3cae30240aba5cdc1be820d86ad','a4ea24e68fc342c2a52286702061a022','fc2eb41a091d11eab9205c93a27933da'),('7ccb8b1f1c1b11ea83aa5c93a27933da','1','139595391c1b11ea83aa5c93a27933da'),('7ed10dac29424dcda7c1a8a63a4b5ead','3','a045a6fc0f9911ea99ba5c93a27933da'),('81d690331c1b11ea83aa5c93a27933da','1','43c818ae1c1b11ea83aa5c93a27933da'),('8666b6138ccb43fd8c254675231c65a0','3','33758e410f9b11ea99ba5c93a27933da'),('8ceeef08eb39405d88b8cc9889cfa4e9','a4ea24e68fc342c2a52286702061a022','820efa55091d11eab9205c93a27933da'),('8d1a3e91e5d3469ba3b1c37d61b623bd','3','87258518104811eab30e5c93a27933da'),('8f4abc6bb3ba45a89e9776076a302fb8','fb48455615e4408096340003109af746','1ad9f642091b11eab9205c93a27933da'),('95f377a19e3c432b88b911d3616d6a4b','a4ea24e68fc342c2a52286702061a022','23f4adac091e11eab9205c93a27933da'),('9ae4b47dcd5045d2a2e6a41589bdf722','fb48455615e4408096340003109af746','356cb6a6093711eaabbd5c93a27933da'),('9cbd6a97f6ee4119b15fd45dd467ff1c','3','9a86ebce112b11ea8c055c93a27933da'),('9fa5a7cb783745058ce869e4e0e8438d','fb48455615e4408096340003109af746','92138d58093711eaabbd5c93a27933da'),('a0f1f470d657429aa08b326d3dbbbcc6','fb48455615e4408096340003109af746','5a9d92b7091d11eab9205c93a27933da'),('a2bfff97c6664e598623bddb040889ca','3','820efa55091d11eab9205c93a27933da'),('a41a7a43124b4ac8a1c2a5eb0b2cbc01','fb48455615e4408096340003109af746','dce14c10093611eaabbd5c93a27933da'),('bc30480fe65f4fb3ba703fb360a0815e','fb48455615e4408096340003109af746','5897fe38093711eaabbd5c93a27933da'),('c0bc09185ae04e5692c82ba14b2f9b70','3','ba31aeb4091d11eab9205c93a27933da'),('c331307e095011eaabbd5c93a27933da','1','13df1129091a11eab9205c93a27933da'),('c3435b90095011eaabbd5c93a27933da','1','62c45854091b11eab9205c93a27933da'),('c34fd3e4095011eaabbd5c93a27933da','1','826e1aa2091b11eab9205c93a27933da'),('c3636f4c095011eaabbd5c93a27933da','1','95ccc408091b11eab9205c93a27933da'),('c36be8cf095011eaabbd5c93a27933da','1','aff61364091b11eab9205c93a27933da'),('c37b1e81095011eaabbd5c93a27933da','1','ff7cc273091b11eab9205c93a27933da'),('c381df9c095011eaabbd5c93a27933da','1','106970c4091c11eab9205c93a27933da'),('c38c023b095011eaabbd5c93a27933da','1','0881bbf9091b11eab9205c93a27933da'),('c394748e095011eaabbd5c93a27933da','1','1ad9f642091b11eab9205c93a27933da'),('c39ce2ef095011eaabbd5c93a27933da','1','3dfc9c48091b11eab9205c93a27933da'),('c3a702af095011eaabbd5c93a27933da','1','5a9d92b7091d11eab9205c93a27933da'),('c3adc616095011eaabbd5c93a27933da','1','820efa55091d11eab9205c93a27933da'),('c3b7e928095011eaabbd5c93a27933da','1','ba31aeb4091d11eab9205c93a27933da'),('c3c0592f095011eaabbd5c93a27933da','1','d7fce144091d11eab9205c93a27933da'),('c3cdded9095011eaabbd5c93a27933da','1','fc2eb41a091d11eab9205c93a27933da'),('c3d7fdc4095011eaabbd5c93a27933da','1','23f4adac091e11eab9205c93a27933da'),('c3e2217f095011eaabbd5c93a27933da','1','5ec1d332091e11eab9205c93a27933da'),('c3ead8df095011eaabbd5c93a27933da','1','823190dd091e11eab9205c93a27933da'),('c3f3498c095011eaabbd5c93a27933da','1','af5f93ba091e11eab9205c93a27933da'),('c3fbb92d095011eaabbd5c93a27933da','1','c6bdac03091e11eab9205c93a27933da'),('c4027cdf095011eaabbd5c93a27933da','1','df671ea6091e11eab9205c93a27933da'),('c40aa3db095011eaabbd5c93a27933da','1','95261a58091f11eab9205c93a27933da'),('c4116789095011eaabbd5c93a27933da','1','d513e734091f11eab9205c93a27933da'),('c4182959095011eaabbd5c93a27933da','1','f04cef41091f11eab9205c93a27933da'),('c4209b8d095011eaabbd5c93a27933da','1','0a8dc6d5092011eab9205c93a27933da'),('c4275d3a095011eaabbd5c93a27933da','1','2a40ca0e092011eab9205c93a27933da'),('c42fd1fd095011eaabbd5c93a27933da','1','43f0d8d0092011eab9205c93a27933da'),('c4369207095011eaabbd5c93a27933da','1','83d1cb50092011eab9205c93a27933da'),('c442ada2095011eaabbd5c93a27933da','1','9c03b751092011eab9205c93a27933da'),('c4496e0f095011eaabbd5c93a27933da','1','b3d419f8092011eab9205c93a27933da'),('c44fe938095011eaabbd5c93a27933da','1','ca116b67092011eab9205c93a27933da'),('c45a583f095011eaabbd5c93a27933da','1','e0d97a6b092011eab9205c93a27933da'),('c461195a095011eaabbd5c93a27933da','1','f803420d092011eab9205c93a27933da'),('c46b38bf095011eaabbd5c93a27933da','1','1126ce20092111eab9205c93a27933da'),('c4756262095011eaabbd5c93a27933da','1','314753b3092111eab9205c93a27933da'),('c47dd012095011eaabbd5c93a27933da','1','4af67cfe092111eab9205c93a27933da'),('c48eb0be095011eaabbd5c93a27933da','1','60059b5f092111eab9205c93a27933da'),('c4957665095011eaabbd5c93a27933da','1','747e17c7092111eab9205c93a27933da'),('c49d9ad9095011eaabbd5c93a27933da','1','8a941710092111eab9205c93a27933da'),('c4a45ef6095011eaabbd5c93a27933da','1','0a5855f9092211eab9205c93a27933da'),('c4acda33095011eaabbd5c93a27933da','1','2fe8c0af092211eab9205c93a27933da'),('c4b38fd5095011eaabbd5c93a27933da','1','47faa744092211eab9205c93a27933da'),('c4c160ce095011eaabbd5c93a27933da','1','6235890f092211eab9205c93a27933da'),('c4c81f46095011eaabbd5c93a27933da','1','8195dc47092211eab9205c93a27933da'),('c4ce94fe095011eaabbd5c93a27933da','1','a38c0dd5092211eab9205c93a27933da'),('c4d709a5095011eaabbd5c93a27933da','1','be4b7030092211eab9205c93a27933da'),('c4ddcbc0095011eaabbd5c93a27933da','1','d9d9ab35092211eab9205c93a27933da'),('c4e64a4e095011eaabbd5c93a27933da','1','ef4b5bcd092211eab9205c93a27933da'),('c4ecff71095011eaabbd5c93a27933da','1','05bb23b6092311eab9205c93a27933da'),('c5040289095011eaabbd5c93a27933da','1','1c8ee72c092311eab9205c93a27933da'),('c5173ce8095011eaabbd5c93a27933da','1','324fb6ee092311eab9205c93a27933da'),('c51ffb20095011eaabbd5c93a27933da','1','46d58979092311eab9205c93a27933da'),('c5266d11095011eaabbd5c93a27933da','1','5b6fb596092311eab9205c93a27933da'),('c52d2dc9095011eaabbd5c93a27933da','1','71254f21092311eab9205c93a27933da'),('c535b732095011eaabbd5c93a27933da','1','d6e1b7c1093511eaabbd5c93a27933da'),('c5401488095011eaabbd5c93a27933da','1','f0a12818093511eaabbd5c93a27933da'),('c54be3eb095011eaabbd5c93a27933da','1','08f07ff0093611eaabbd5c93a27933da'),('c552a516095011eaabbd5c93a27933da','1','1ea2d9c2093611eaabbd5c93a27933da'),('c55b17a4095011eaabbd5c93a27933da','1','36fd4e99093611eaabbd5c93a27933da'),('c561da59095011eaabbd5c93a27933da','1','680742f1093611eaabbd5c93a27933da'),('c5689dfc095011eaabbd5c93a27933da','1','8988d3f1093611eaabbd5c93a27933da'),('c56f12c6095011eaabbd5c93a27933da','1','dce14c10093611eaabbd5c93a27933da'),('c575d2e5095011eaabbd5c93a27933da','1','f5e9849a093611eaabbd5c93a27933da'),('c57e5920095011eaabbd5c93a27933da','1','09e01079093711eaabbd5c93a27933da'),('c5850858095011eaabbd5c93a27933da','1','20e2403a093711eaabbd5c93a27933da'),('c58bca87095011eaabbd5c93a27933da','1','356cb6a6093711eaabbd5c93a27933da'),('c5943933095011eaabbd5c93a27933da','1','5897fe38093711eaabbd5c93a27933da'),('c59cfaeb095011eaabbd5c93a27933da','1','7db7ea01093711eaabbd5c93a27933da'),('c5a56e3f095011eaabbd5c93a27933da','1','92138d58093711eaabbd5c93a27933da'),('c5ac2ea4095011eaabbd5c93a27933da','1','a53b3939093711eaabbd5c93a27933da'),('c5b2f01a095011eaabbd5c93a27933da','1','a015d1c9093811eaabbd5c93a27933da'),('c5bb6382095011eaabbd5c93a27933da','1','be422d69093811eaabbd5c93a27933da'),('c5c58500095011eaabbd5c93a27933da','1','d54cce0a093811eaabbd5c93a27933da'),('c5cda80a095011eaabbd5c93a27933da','1','edf5aafd093811eaabbd5c93a27933da'),('cbabbaf1852b45abb11feae09c0a0e1f','a4ea24e68fc342c2a52286702061a022','5a9d92b7091d11eab9205c93a27933da'),('d12afc5bed274a41b305f58b2390b202','fb48455615e4408096340003109af746','8988d3f1093611eaabbd5c93a27933da'),('d49fbb0b112b11ea8c055c93a27933da','2','9a86ebce112b11ea8c055c93a27933da'),('d9b5af1a3a874172a2bcb5ecf0d06a0b','fb48455615e4408096340003109af746','680742f1093611eaabbd5c93a27933da'),('da68fc9504de44fe8b1e85e5bb98cdae','3','55024eb9105011eab30e5c93a27933da'),('df06c226162449e99a371f7a94594e09','fb48455615e4408096340003109af746','7db7ea01093711eaabbd5c93a27933da'),('e43912de2400479785acf3e7498439e4','3','d7fce144091d11eab9205c93a27933da'),('e6dc1f22ff164a85b533385871b2d14d','3','fc2eb41a091d11eab9205c93a27933da'),('ef471fef3f124d0bb5a5ca2bed7ac83e','fb48455615e4408096340003109af746','23f4adac091e11eab9205c93a27933da'),('f544b7dee30c49de99c69a51dcf3165a','3','2a8d713f0f9911ea99ba5c93a27933da'),('fb916866bad4419eae5f57374301d903','a4ea24e68fc342c2a52286702061a022','d7fce144091d11eab9205c93a27933da');

/*Table structure for table `t_student` */

DROP TABLE IF EXISTS `t_student`;

CREATE TABLE `t_student` (
  `id` varchar(32) NOT NULL COMMENT '主键id',
  `student_number` varchar(32) NOT NULL COMMENT '学号',
  `name` varchar(50) NOT NULL COMMENT '学生姓名',
  `sex` int NOT NULL COMMENT '性别',
  `age` int NOT NULL COMMENT '年龄',
  `phone` varchar(20) DEFAULT NULL COMMENT '联系电话',
  `email` varchar(50) DEFAULT NULL COMMENT '邮箱',
  `photo_url` varchar(200) DEFAULT NULL COMMENT '头像地址',
  `clazz_id` varchar(32) NOT NULL COMMENT '班级id',
  `major_id` varchar(32) NOT NULL COMMENT '专业id',
  `institute_id` varchar(32) NOT NULL COMMENT '学院id',
  PRIMARY KEY (`id`)
) ENGINE=InnoDB DEFAULT CHARSET=utf8mb4 COLLATE=utf8mb4_0900_ai_ci;

/*Data for the table `t_student` */

insert  into `t_student`(`id`,`student_number`,`name`,`sex`,`age`,`phone`,`email`,`photo_url`,`clazz_id`,`major_id`,`institute_id`) values ('032e7ac5fe4d45ff824c7cf125c70d3f','2019001011000','张三',1,22,'13800138000',NULL,NULL,'96332ae13fd64c1abf5f6f778c873102','940c25ce0e7111ea85a85c93a27933da','271c18020e6a11ea85a85c93a27933da'),('254caa5f671745098668a2cd5a917d4c','2022001011002','张伟',1,23,'13075262662',NULL,NULL,'96332ae13fd64c1abf5f6f778c873102','940c25ce0e7111ea85a85c93a27933da','271c18020e6a11ea85a85c93a27933da'),('89685bd813b1437cab9aef7bde7637ba','2019001011002','王五',1,23,'13800138000',NULL,NULL,'c3eb7c50fbe0419c8030ea090ce0858b','940c25ce0e7111ea85a85c93a27933da','271c18020e6a11ea85a85c93a27933da'),('96d6a79f5a294559be39d51a2a94d8ef','2022001021001','卢本伟',1,12,'13075262661',NULL,NULL,'363593eaf42c49809dbd70e86edd157d','0f413024eb5c460fb129bf06eb4ee6c9','271c18020e6a11ea85a85c93a27933da'),('caf2659b709e46679244603a5b1a5c41','2019001021001','李四',2,21,'13800138000',NULL,NULL,'edf7e10401504dd496a529d8b5522c1f','0f413024eb5c460fb129bf06eb4ee6c9','271c18020e6a11ea85a85c93a27933da'),('de6f57bc983249e4a6be1f7fa2484616','2022001021003','刘备',1,22,'13075262666',NULL,NULL,'363593eaf42c49809dbd70e86edd157d','0f413024eb5c460fb129bf06eb4ee6c9','271c18020e6a11ea85a85c93a27933da'),('ef17c0ca51454679b3c4e17195291da4','2022001021002','丽丽',2,21,'13075262666',NULL,NULL,'363593eaf42c49809dbd70e86edd157d','0f413024eb5c460fb129bf06eb4ee6c9','271c18020e6a11ea85a85c93a27933da');

/*Table structure for table `t_student_course` */

DROP TABLE IF EXISTS `t_student_course`;

CREATE TABLE `t_student_course` (
  `id` varchar(32) NOT NULL COMMENT '主键id',
  `student_id` varchar(32) NOT NULL COMMENT '学生id',
  `course_id` varchar(32) NOT NULL COMMENT '课程id',
  PRIMARY KEY (`id`)
) ENGINE=InnoDB DEFAULT CHARSET=utf8mb4 COLLATE=utf8mb4_0900_ai_ci;

/*Data for the table `t_student_course` */

insert  into `t_student_course`(`id`,`student_id`,`course_id`) values ('10641d3c190711ea8fbd5c93a27933da','1','11');

/*Table structure for table `t_sys_dict` */

DROP TABLE IF EXISTS `t_sys_dict`;

CREATE TABLE `t_sys_dict` (
  `id` varchar(32) NOT NULL COMMENT '主键id',
  `dict_code` varchar(10) NOT NULL COMMENT '字典码',
  `dict_type_code` varchar(20) NOT NULL COMMENT '字典类型代码',
  `dict_value` varchar(50) NOT NULL COMMENT '字典值',
  `dict_desc` varchar(255) DEFAULT NULL COMMENT '字典描述',
  `dict_order` int DEFAULT NULL COMMENT '字典排序',
  PRIMARY KEY (`id`)
) ENGINE=InnoDB DEFAULT CHARSET=utf8mb4 COLLATE=utf8mb4_0900_ai_ci;

/*Data for the table `t_sys_dict` */

insert  into `t_sys_dict`(`id`,`dict_code`,`dict_type_code`,`dict_value`,`dict_desc`,`dict_order`) values ('05186928782f449fb9a5e3c8ccb3e5c1','001','TEACHER_TYPE','教授','老师职级',1),('2f0801d50ddf11eab421f0761cc5591a','1','SEX','男','性别',1),('3500f6e20ed111ea98a05c93a27933da','01','COURSE_TYPE','专业必修','课程类型',1),('382693170ddf11eab421f0761cc5591a','2','SEX','女','性别',2),('3f2e69ce0ed111ea98a05c93a27933da','02','COURSE_TYPE','专业选修','课程类型',2),('42c52d13c78d44e09ccc9167e029eea4','005','TEACHER_TYPE','实习老师','老师职级',5),('4d0623560ed111ea98a05c93a27933da','03','COURSE_TYPE','公共必修','课程类型',3),('551fabe50ed111ea98a05c93a27933da','04','COURSE_TYPE','公共选修','课程类型',4),('55c6c5560ddf11eab421f0761cc5591a','1','USER_TYPE','管理员','用户类型',1),('575b501ead0a4004a6a53297c4d1cc89','003','TEACHER_TYPE','讲师','老师职级',3),('5e25521a0ddf11eab421f0761cc5591a','2','USER_TYPE','老师','用户类型',2),('6650d21a0ddf11eab421f0761cc5591a','3','USER_TYPE','学生','用户类型',3),('89c2cb320dd611eab421f0761cc5591a','1','MENU','模块','权限菜单类型',1),('9c0ab74e0dd611eab421f0761cc5591a','2','MENU','菜单','权限菜单类型',2),('a4da30530dd611eab421f0761cc5591a','3','MENU','按钮','权限菜单类型',3),('a9127f74e6214b3f90379f9c2dd3fc93','002','TEACHER_TYPE','副教授','老师职级',2),('cf9759b9c5bb4224b6de29eca85d94e2','004','TEACHER_TYPE','助教','老师职级',4);

/*Table structure for table `t_teacher` */

DROP TABLE IF EXISTS `t_teacher`;

CREATE TABLE `t_teacher` (
  `id` varchar(32) NOT NULL COMMENT '主键id',
  `name` varchar(50) NOT NULL COMMENT '老师姓名',
  `sex` int NOT NULL COMMENT '性别',
  `age` int NOT NULL COMMENT '年龄',
  `title` varchar(20) NOT NULL COMMENT '标号',
  `email` varchar(50) DEFAULT NULL COMMENT '邮箱',
  `photo_url` varchar(200) DEFAULT NULL COMMENT '头像地址',
  `phone` varchar(20) NOT NULL COMMENT '电话号码',
  PRIMARY KEY (`id`)
) ENGINE=InnoDB DEFAULT CHARSET=utf8mb4 COLLATE=utf8mb4_0900_ai_ci;

/*Data for the table `t_teacher` */

insert  into `t_teacher`(`id`,`name`,`sex`,`age`,`title`,`email`,`photo_url`,`phone`) values ('181338c3068e4e85a7166accd3a16c6f','万老师',1,32,'001',NULL,NULL,'13075262221'),('4f8f02dff98044ffb7f7dfbc8c57c596','李老师',2,28,'005',NULL,NULL,'13800138000'),('dbca8e5caec24c6ca4b3dccd053f9102','高老师',2,30,'003',NULL,NULL,'13800138000'),('fe8147e10e454b259705d10d7514f2ac','张老师',1,36,'001',NULL,NULL,'13800138000');

/*Table structure for table `t_user` */

DROP TABLE IF EXISTS `t_user`;

CREATE TABLE `t_user` (
  `id` varchar(32) NOT NULL COMMENT '主键id',
  `username` varchar(10) NOT NULL COMMENT '用户名',
  `password` varchar(32) NOT NULL COMMENT '用户密码',
  `email` varchar(50) DEFAULT NULL COMMENT '邮箱',
  `photo_url` varchar(200) DEFAULT NULL COMMENT '头像地址',
  `enable` int DEFAULT NULL COMMENT '是否可用：1可用，0不可用',
  `create_time` datetime DEFAULT NULL COMMENT '创建时间',
  `last_login_time` datetime DEFAULT NULL COMMENT '上次登录时间',
  PRIMARY KEY (`id`)
) ENGINE=InnoDB DEFAULT CHARSET=utf8mb4 COLLATE=utf8mb4_0900_ai_ci;

/*Data for the table `t_user` */

insert  into `t_user`(`id`,`username`,`password`,`email`,`photo_url`,`enable`,`create_time`,`last_login_time`) values ('032e7ac5fe4d45ff824c7cf125c70d3f','张三','d477887b0636e5d87f79cc25c99d7dc9','zs@qq.com','/vue_shiro_photo/userImg/d8883ca3-8647-49e0-af32-596c5300305a.jpg',1,'2022-04-17 13:21:33','2022-05-20 08:32:04'),('0d5a44e2e9eb487497ea539cd841e22f','安妮','d477887b0636e5d87f79cc25c99d7dc9','anni@qq.com',NULL,1,'2022-04-18 17:21:33',NULL),('14ea1023beac462e98ad743739b38f68','bb','d477887b0636e5d87f79cc25c99d7dc9','bb@qq.com',NULL,1,'2022-05-17 13:28:32',NULL),('181338c3068e4e85a7166accd3a16c6f','万老师','d477887b0636e5d87f79cc25c99d7dc9',NULL,NULL,1,'2022-05-19 17:19:09','2022-05-20 08:31:04'),('254caa5f671745098668a2cd5a917d4c','张伟','d477887b0636e5d87f79cc25c99d7dc9',NULL,NULL,1,'2022-05-20 08:46:50',NULL),('3e5dfa87593e4a44b8212eb3866aefdb','cc','d477887b0636e5d87f79cc25c99d7dc9','cc@qq.com',NULL,1,'2022-04-21 16:23:29','2022-05-01 02:12:01'),('4f8f02dff98044ffb7f7dfbc8c57c596','李老师','d477887b0636e5d87f79cc25c99d7dc9',NULL,NULL,1,'2022-05-01 20:21:33','2022-05-18 13:47:52'),('5603b25e56974e3399e4609477e23c56','安安','d477887b0636e5d87f79cc25c99d7dc9',NULL,NULL,1,'2022-04-25 16:12:15',NULL),('67eb71f1091911eab9205c93a27933da','admin','10a1b727c497d49a85bfff7351f1a4c4','admin@163.com','/vue_shiro_photo/userImg/57c75417-4dd3-4de8-9b06-313da6356fb9.jpg',1,'2022-05-12 20:31:37','2022-05-20 10:28:35'),('74013ffb091911eab9205c93a27933da','tom','d477887b0636e5d87f79cc25c99d7dc9','tom@163.com','/vue_shiro_photo/userImg/1fa36717-8aeb-4ba3-9f3e-a17cc08b45a6.jpg',1,'2022-05-03 18:16:17','2022-05-18 17:38:11'),('7b0272d267be43f097af993a4d8bb467','ff','d477887b0636e5d87f79cc25c99d7dc9','ff@qq.com','/vue_shiro_photo/userImg/38ac6782-a958-4726-a3a2-3efd88d1e9b4.jpg',1,'2022-05-05 23:11:21','2022-05-18 13:41:09'),('7bc5259b091911eab9205c93a27933da','student','d477887b0636e5d87f79cc25c99d7dc9','student@163.com','/vue_shiro_photo/userImg/6ba3aca5-3bb0-4fcd-a618-81c17d9f0d27.jpg',0,'2022-05-06 23:59:06','2022-05-18 18:40:13'),('87aa1538e95b4896b73a78a5818338fa','赵云','d477887b0636e5d87f79cc25c99d7dc9','1004956190@qq.com',NULL,1,'2022-05-19 17:45:07',NULL),('89685bd813b1437cab9aef7bde7637ba','王五','d477887b0636e5d87f79cc25c99d7dc9',NULL,NULL,1,'2022-04-25 17:17:36',NULL),('95dd55d0a8ae49af83d391ccd36b9a11','rr','d477887b0636e5d87f79cc25c99d7dc9','cc@qq.com','/vue_shiro_photo/userImg/107c11be-a14c-4917-8f69-4d3828a05af6.jpg',1,'2022-04-29 13:19:35','2022-05-18 23:38:11'),('96d6a79f5a294559be39d51a2a94d8ef','卢本伟','d477887b0636e5d87f79cc25c99d7dc9',NULL,NULL,1,'2022-05-19 05:59:17','2022-05-20 08:32:28'),('9a55056084e14cd58b63bdc38e7b6096','aa','d477887b0636e5d87f79cc25c99d7dc9','aa@qq.com',NULL,1,'2022-04-21 22:21:33',NULL),('caf2659b709e46679244603a5b1a5c41','李四','d477887b0636e5d87f79cc25c99d7dc9',NULL,NULL,1,'2022-05-17 13:21:33','2022-05-18 23:24:46'),('dbca8e5caec24c6ca4b3dccd053f9102','高老师','d477887b0636e5d87f79cc25c99d7dc9',NULL,NULL,1,'2022-04-24 10:24:36',NULL),('de6f57bc983249e4a6be1f7fa2484616','刘备','d477887b0636e5d87f79cc25c99d7dc9',NULL,NULL,1,'2022-05-20 08:33:05','2022-05-20 08:34:09'),('ef17c0ca51454679b3c4e17195291da4','丽丽','d477887b0636e5d87f79cc25c99d7dc9',NULL,NULL,1,'2022-05-19 06:00:34','2022-05-20 08:31:42'),('fe8147e10e454b259705d10d7514f2ac','张老师','d477887b0636e5d87f79cc25c99d7dc9',NULL,NULL,1,'2022-05-01 21:25:37','2022-04-24 13:30:03');

/*Table structure for table `t_user_role` */

DROP TABLE IF EXISTS `t_user_role`;

CREATE TABLE `t_user_role` (
  `id` varchar(32) NOT NULL COMMENT '主键id',
  `user_id` varchar(32) NOT NULL COMMENT '用户id',
  `role_id` varchar(32) NOT NULL COMMENT '角色id',
  PRIMARY KEY (`id`)
) ENGINE=InnoDB DEFAULT CHARSET=utf8mb4 COLLATE=utf8mb4_0900_ai_ci;

/*Data for the table `t_user_role` */

insert  into `t_user_role`(`id`,`user_id`,`role_id`) values ('098e08e02e0d42dab2ee5b2f8c6463bd','e34a8e4ca61346d58c4d647b38c7749a','3'),('0ede5f8f117b4c48ae10073257fd23f6','b9cc4eb5d8e943ea8c6251dffba892b4','3'),('226230da091911eab9205c93a27933da','67eb71f1091911eab9205c93a27933da','1'),('3adb1600ea784eff9426b8833dbaf97b','26359b7060bf40b198a2d7dc1521ff7b','3'),('4566c94f091911eab9205c93a27933da','74013ffb091911eab9205c93a27933da','2'),('46582b1b7fb042acafa9a2c3d5718477','95dd55d0a8ae49af83d391ccd36b9a11','2'),('4d6736314bcd44ab921319735d528975','e30c40c9bfa945d9a8798757865bf43e','a4ea24e68fc342c2a52286702061a022'),('5158bf96412b4124b7daca416b6fbf2f','5603b25e56974e3399e4609477e23c56','3'),('52008751091911eab9205c93a27933da','7bc5259b091911eab9205c93a27933da','3'),('54fd3f629db34c32a61980e8cc19f619','0d5a44e2e9eb487497ea539cd841e22f','1'),('57262192a79644be91e6525da0d06980','96d6a79f5a294559be39d51a2a94d8ef','3'),('58df5785584c49a4858dcf26e8347d02','ef17c0ca51454679b3c4e17195291da4','3'),('67a0e980cd7840f2a7c83ac85079efa8','7b0272d267be43f097af993a4d8bb467','1'),('6e5a9081cc5d4f1687efc92c08d7376c','598cd43a68ea4200ba2f58260b87e761','2'),('8ad392e10f9311ea99ba5c93a27933da','532782800f9311ea99ba5c93a27933da','2'),('8bb086525827444db4ac0002a10ceafd','181338c3068e4e85a7166accd3a16c6f','2'),('905d4cf964d646ce979d264ffe291ddd','e334e21744924b0eb312b496f9ff3794','2'),('909c15830f9311ea99ba5c93a27933da','5f01a4200f9311ea99ba5c93a27933da','2'),('95b4aa1f0f9311ea99ba5c93a27933da','6289fb4f0f9311ea99ba5c93a27933da','2'),('9d5044b6b63c4f5f8b51c2bf870cc02e','254caa5f671745098668a2cd5a917d4c','3'),('a480c171105611eab30e5c93a27933da','032e7ac5fe4d45ff824c7cf125c70d3f','3'),('acfd9e38bd2545cd807e14a18bd0c661','b5bfae4837594015ab1062887329bd97','3'),('bd76fcc2758645adb6c5d90703bd99f0','3e5dfa87593e4a44b8212eb3866aefdb','a4ea24e68fc342c2a52286702061a022'),('c27f1ff9105611eab30e5c93a27933da','89685bd813b1437cab9aef7bde7637ba','3'),('c96dc577105611eab30e5c93a27933da','caf2659b709e46679244603a5b1a5c41','3'),('d3b09ad3105611eab30e5c93a27933da','4f8f02dff98044ffb7f7dfbc8c57c596','2'),('e033b43d105611eab30e5c93a27933da','dbca8e5caec24c6ca4b3dccd053f9102','2'),('eb93dd17823542dc993680c2406cbeb0','87aa1538e95b4896b73a78a5818338fa','3'),('ec36f53e105611eab30e5c93a27933da','fe8147e10e454b259705d10d7514f2ac','2'),('f72a85930bcf440b9f0268b760ca7a11','de6f57bc983249e4a6be1f7fa2484616','3');

/*!40101 SET SQL_MODE=@OLD_SQL_MODE */;
/*!40014 SET FOREIGN_KEY_CHECKS=@OLD_FOREIGN_KEY_CHECKS */;
/*!40014 SET UNIQUE_CHECKS=@OLD_UNIQUE_CHECKS */;
/*!40111 SET SQL_NOTES=@OLD_SQL_NOTES */;
